date,overall_aqi_value,main_pollutant,site_name_of_overall_aqi,site_id_of_overall_aqi,source_of_overall_aqi,co,ozone,pm25,no2
2020-01-01,35,NO2,MCMILLAN  NCore-PAMS,11-001-0043,AQS,9,34,20,35
2020-01-02,49,NO2,MCMILLAN  NCore-PAMS,11-001-0043,AQS,16,25,43,49
2020-01-03,30,PM2.5,Near Road,11-001-0051,AQS,7,22,30,26
2020-01-04,32,PM2.5,MCMILLAN  NCore-PAMS,11-001-0043,AQS,7,26,32,21
2020-01-05,32,NO2,MCMILLAN  NCore-PAMS,11-001-0043,AQS,6,31,14,32
2020-01-06,32,Ozone,MCMILLAN  NCore-PAMS,11-001-0043,AQS,7,32,21,31
2020-01-07,45,NO2,MCMILLAN  NCore-PAMS,11-001-0043,AQS,13,20,32,45
2020-01-08,33,Ozone,Takoma Rec Center,11-001-0050,AQS,5,33,22,29
2020-01-09,30,NO2,RIVER TERRACE,11-001-0041,AQS,6,22,22,30
2020-01-10,34,NO2,Takoma Rec Center,11-001-0050,AQS,6,23,25,34
2020-01-11,31,PM2.5,Near Road,11-001-0051,AQS,7,31,31,24
2020-01-12,34,Ozone,MCMILLAN  NCore-PAMS,11-001-0043,AQS,3,34,10,15
2020-01-13,34,PM2.5,MCMILLAN  NCore-PAMS,11-001-0043,AQS,11,9,34,25
2020-01-14,43,PM2.5,Near Road,11-001-0051,AQS,11,8,43,35
2020-01-15,41,PM2.5,Near Road,11-001-0051,AQS,6,17,41,25
2020-01-16,33,Ozone,Takoma Rec Center,11-001-0050,AQS,6,33,20,15
2020-01-17,33,Ozone,Takoma Rec Center,11-001-0050,AQS,5,33,15,33
2020-01-18,29,NO2,MCMILLAN  NCore-PAMS,11-001-0043,AQS,6,27,26,29
2020-01-19,31,Ozone,Takoma Rec Center,11-001-0050,AQS,3,31,20,19
2020-01-20,38,Ozone,Takoma Rec Center,11-001-0050,AQS,2,38,21,25
2020-01-21,38,Ozone,Takoma Rec Center,11-001-0050,AQS,3,38,18,25
2020-01-22,42,PM2.5,King Greenleaf Rec Center,11-001-0053,AQS,8,29,42,42
2020-01-23,63,PM2.5,Near Road,11-001-0051,AQS,14,12,63,51
2020-01-24,50,PM2.5,Near Road,11-001-0051,AQS,8,34,50,39
2020-01-25,32,Ozone,Takoma Rec Center,11-001-0050,AQS,3,32,13,23
2020-01-26,29,NO2,MCMILLAN  NCore-PAMS,11-001-0043,AQS,6,27,12,29
2020-01-27,31,Ozone,MCMILLAN  NCore-PAMS,11-001-0043,AQS,6,31,24,30
2020-01-28,31,Ozone,MCMILLAN  NCore-PAMS,11-001-0043,AQS,2,31,19,13
2020-01-29,34,Ozone,MCMILLAN  NCore-PAMS,11-001-0043,AQS,6,34,21,34
2020-01-30,37,NO2,Near Road,11-001-0051,AQS,8,25,35,37
2020-01-31,51,NO2,Near Road,11-001-0051,AQS,8,20,44,51
2020-02-01,62,PM2.5,King Greenleaf Rec Center,11-001-0053,AQS,13,19,62,34
2020-02-02,36,PM2.5,King Greenleaf Rec Center,11-001-0053,AQS,7,29,36,36
2020-02-03,49,NO2,RIVER TERRACE,11-001-0041,AQS,10,27,32,49
2020-02-04,38,NO2,MCMILLAN  NCore-PAMS,11-001-0043,AQS,8,19,37,38
2020-02-05,32,PM2.5,RIVER TERRACE,11-001-0041,AQS,8,24,32,30
2020-02-06,25,NO2,MCMILLAN  NCore-PAMS,11-001-0043,AQS,6,17,21,25
2020-02-07,31,Ozone,MCMILLAN  NCore-PAMS,11-001-0043,AQS,6,31,9,21
2020-02-08,38,NO2,Takoma Rec Center,11-001-0050,AQS,7,35,17,38
2020-02-09,37,NO2,Takoma Rec Center,11-001-0050,AQS,10,35,30,37
2020-02-10,28,PM2.5,MCMILLAN  NCore-PAMS,11-001-0043,AQS,3,28,28,17
2020-02-11,31,PM2.5,King Greenleaf Rec Center,11-001-0053,AQS,5,31,31,29
2020-02-12,34,PM2.5,King Greenleaf Rec Center,11-001-0053,AQS,5,27,34,22
2020-02-13,31,Ozone,MCMILLAN  NCore-PAMS,11-001-0043,AQS,5,31,18,21
2020-02-14,32,Ozone,MCMILLAN  NCore-PAMS,11-001-0043,AQS,2,32,14,20
2020-02-15,32,Ozone,MCMILLAN  NCore-PAMS,11-001-0043,AQS,5,32,20,29
2020-02-16,36,NO2,Takoma Rec Center,11-001-0050,AQS,8,28,35,36
2020-02-17,49,PM2.5,Near Road,11-001-0051,AQS,10,32,49,40
2020-02-18,45,PM2.5,Near Road,11-001-0051,AQS,8,32,45,40
2020-02-19,35,Ozone,MCMILLAN  NCore-PAMS,11-001-0043,AQS,3,35,20,28
2020-02-20,36,NO2,RIVER TERRACE,11-001-0041,AQS,6,32,30,36
2020-02-21,42,NO2,Takoma Rec Center,11-001-0050,AQS,7,36,20,42
2020-02-22,42,NO2,Takoma Rec Center,11-001-0050,AQS,10,38,31,42
2020-02-23,51,PM2.5,RIVER TERRACE,11-001-0041,AQS,15,41,51,48
2020-02-24,53,NO2,RIVER TERRACE,11-001-0041,AQS,10,33,51,53
2020-02-25,37,PM2.5,Near Road,11-001-0051,AQS,6,26,37,27
2020-02-26,35,PM2.5,MCMILLAN  NCore-PAMS,11-001-0043,AQS,5,28,35,22
2020-02-27,36,Ozone,MCMILLAN  NCore-PAMS,11-001-0043,AQS,3,36,13,12
2020-02-28,35,Ozone,MCMILLAN  NCore-PAMS,11-001-0043,AQS,3,35,22,21
2020-02-29,38,Ozone,MCMILLAN  NCore-PAMS,11-001-0043,AQS,2,38,23,20
2020-03-01,40,Ozone,MCMILLAN  NCore-PAMS,11-001-0043,AQS,7,40,25,40
2020-03-02,45,Ozone,Takoma Rec Center,11-001-0050,AQS,7,45,40,39
2020-03-03,38,Ozone,MCMILLAN  NCore-PAMS,11-001-0043,AQS,6,38,33,36
2020-03-04,40,Ozone,Takoma Rec Center,11-001-0050,AQS,6,40,13,34
2020-03-05,34,Ozone,MCMILLAN  NCore-PAMS,11-001-0043,AQS,6,34,26,34
2020-03-06,38,NO2,RIVER TERRACE,11-001-0041,AQS,6,33,33,38
2020-03-07,39,Ozone,MCMILLAN  NCore-PAMS,11-001-0043,AQS,2,39,13,17
2020-03-08,42,Ozone,Takoma Rec Center,11-001-0050,AQS,6,42,27,29
2020-03-09,41,Ozone,MCMILLAN  NCore-PAMS,11-001-0043,AQS,6,41,28,38
2020-03-10,36,Ozone,MCMILLAN  NCore-PAMS,11-001-0043,AQS,3,36,31,25
2020-03-11,33,NO2,Takoma Rec Center,11-001-0050,AQS,5,28,24,33
2020-03-12,34,Ozone,MCMILLAN  NCore-PAMS,11-001-0043,AQS,6,34,32,31
2020-03-13,43,Ozone,MCMILLAN  NCore-PAMS,11-001-0043,AQS,3,43,23,17
2020-03-14,41,Ozone,MCMILLAN  NCore-PAMS,11-001-0043,AQS,2,41,16,11
2020-03-15,35,Ozone,MCMILLAN  NCore-PAMS,11-001-0043,AQS,8,35,27,29
2020-03-16,42,Ozone,MCMILLAN  NCore-PAMS,11-001-0043,AQS,11,42,28,35
2020-03-17,33,Ozone,MCMILLAN  NCore-PAMS,11-001-0043,AQS,5,33,26,25
2020-03-18,36,Ozone,MCMILLAN  NCore-PAMS,11-001-0043,AQS,5,36,25,30
2020-03-19,49,PM2.5,Near Road,11-001-0051,AQS,5,31,49,22
2020-03-20,44,PM2.5,King Greenleaf Rec Center,11-001-0053,AQS,5,36,44,22
2020-03-21,35,Ozone,MCMILLAN  NCore-PAMS,11-001-0043,AQS,2,35,18,6
2020-03-22,40,Ozone,MCMILLAN  NCore-PAMS,11-001-0043,AQS,3,40,23,7
2020-03-23,33,Ozone,MCMILLAN  NCore-PAMS,11-001-0043,AQS,2,33,17,17
2020-03-24,34,Ozone,MCMILLAN  NCore-PAMS,11-001-0043,AQS,5,34,20,22
2020-03-25,31,Ozone,MCMILLAN  NCore-PAMS,11-001-0043,AQS,5,31,17,16
2020-03-26,37,Ozone,MCMILLAN  NCore-PAMS,11-001-0043,AQS,5,37,31,24
2020-03-27,44,Ozone,MCMILLAN  NCore-PAMS,11-001-0043,AQS,5,44,24,25
2020-03-28,38,Ozone,MCMILLAN  NCore-PAMS,11-001-0043,AQS,6,38,30,21
2020-03-29,35,PM2.5,King Greenleaf Rec Center,11-001-0053,AQS,5,27,35,11
2020-03-30,44,Ozone,MCMILLAN  NCore-PAMS,11-001-0043,AQS,5,44,27,17
2020-03-31,34,Ozone,MCMILLAN  NCore-PAMS,11-001-0043,AQS,3,34,14,18
2020-04-01,35,Ozone,MCMILLAN  NCore-PAMS,11-001-0043,AQS,2,35,19,15
2020-04-02,44,Ozone,MCMILLAN  NCore-PAMS,11-001-0043,AQS,2,44,15,18
2020-04-03,44,Ozone,MCMILLAN  NCore-PAMS,11-001-0043,AQS,2,44,12,13
2020-04-04,31,Ozone,MCMILLAN  NCore-PAMS,11-001-0043,AQS,5,31,10,11
2020-04-05,42,Ozone,MCMILLAN  NCore-PAMS,11-001-0043,AQS,6,42,25,22
2020-04-06,47,Ozone,MCMILLAN  NCore-PAMS,11-001-0043,AQS,6,47,33,32
2020-04-07,45,PM2.5,Near Road,11-001-0051,AQS,7,41,45,30
2020-04-08,47,Ozone,MCMILLAN  NCore-PAMS,11-001-0043,AQS,6,47,27,26
2020-04-09,46,Ozone,MCMILLAN  NCore-PAMS,11-001-0043,AQS,8,46,26,26
2020-04-10,41,Ozone,MCMILLAN  NCore-PAMS,11-001-0043,AQS,2,41,15,8
2020-04-11,45,Ozone,MCMILLAN  NCore-PAMS,11-001-0043,AQS,7,45,30,36
2020-04-12,44,Ozone,MCMILLAN  NCore-PAMS,11-001-0043,AQS,10,44,39,28
2020-04-13,42,Ozone,MCMILLAN  NCore-PAMS,11-001-0043,AQS,2,42,14,14
2020-04-14,43,Ozone,MCMILLAN  NCore-PAMS,11-001-0043,AQS,3,43,16,11
2020-04-15,44,Ozone,MCMILLAN  NCore-PAMS,11-001-0043,AQS,3,44,21,25
2020-04-16,45,Ozone,MCMILLAN  NCore-PAMS,11-001-0043,AQS,3,45,25,30
2020-04-17,44,Ozone,MCMILLAN  NCore-PAMS,11-001-0043,AQS,8,44,39,38
2020-04-18,44,Ozone,MCMILLAN  NCore-PAMS,11-001-0043,AQS,5,44,31,28
2020-04-19,44,Ozone,MCMILLAN  NCore-PAMS,11-001-0043,AQS,8,44,31,34
2020-04-20,42,Ozone,MCMILLAN  NCore-PAMS,11-001-0043,AQS,7,42,38,28
2020-04-21,44,Ozone,MCMILLAN  NCore-PAMS,11-001-0043,AQS,5,44,25,23
2020-04-22,45,Ozone,MCMILLAN  NCore-PAMS,11-001-0043,AQS,2,45,17,10
2020-04-23,35,NO2,MCMILLAN  NCore-PAMS,11-001-0043,AQS,5,34,29,35
2020-04-24,32,Ozone,MCMILLAN  NCore-PAMS,11-001-0043,AQS,3,32,15,19
2020-04-25,42,Ozone,MCMILLAN  NCore-PAMS,11-001-0043,AQS,6,42,24,20
2020-04-26,34,Ozone,MCMILLAN  NCore-PAMS,11-001-0043,AQS,3,34,12,9
2020-04-27,37,Ozone,MCMILLAN  NCore-PAMS,11-001-0043,AQS,7,37,10,26
2020-04-28,31,Ozone,MCMILLAN  NCore-PAMS,11-001-0043,AQS,9,31,25,27
2020-04-29,47,Ozone,MCMILLAN  NCore-PAMS,11-001-0043,AQS,5,47,35,25
2020-04-30,41,Ozone,MCMILLAN  NCore-PAMS,11-001-0043,AQS,5,41,17,19
2020-05-01,36,Ozone,MCMILLAN  NCore-PAMS,11-001-0043,AQS,3,36,11,19
2020-05-02,45,Ozone,MCMILLAN  NCore-PAMS,11-001-0043,AQS,5,45,19,13
2020-05-03,41,Ozone,MCMILLAN  NCore-PAMS,11-001-0043,AQS,6,41,37,13
2020-05-04,43,Ozone,MCMILLAN  NCore-PAMS,11-001-0043,AQS,5,43,15,8
2020-05-05,34,Ozone,MCMILLAN  NCore-PAMS,11-001-0043,AQS,5,34,18,17
2020-05-06,34,Ozone,MCMILLAN  NCore-PAMS,11-001-0043,AQS,3,34,17,19
2020-05-07,48,Ozone,MCMILLAN  NCore-PAMS,11-001-0043,AQS,6,48,17,31
2020-05-08,44,Ozone,MCMILLAN  NCore-PAMS,11-001-0043,AQS,7,44,23,31
2020-05-09,36,Ozone,MCMILLAN  NCore-PAMS,11-001-0043,AQS,3,36,13,20
2020-05-10,44,Ozone,MCMILLAN  NCore-PAMS,11-001-0043,AQS,5,44,20,21
2020-05-11,34,Ozone,MCMILLAN  NCore-PAMS,11-001-0043,AQS,5,34,14,25
2020-05-12,43,Ozone,MCMILLAN  NCore-PAMS,11-001-0043,AQS,3,43,14,28
2020-05-13,51,Ozone,MCMILLAN  NCore-PAMS,11-001-0043,AQS,7,51,36,30
2020-05-14,49,PM2.5,Near Road,11-001-0051,AQS,6,43,49,25
2020-05-15,48,Ozone,MCMILLAN  NCore-PAMS,11-001-0043,AQS,8,48,46,16
2020-05-16,48,Ozone,MCMILLAN  NCore-PAMS,11-001-0043,AQS,9,48,31,19
2020-05-17,37,Ozone,MCMILLAN  NCore-PAMS,11-001-0043,AQS,9,37,24,9
2020-05-18,38,Ozone,MCMILLAN  NCore-PAMS,11-001-0043,AQS,8,38,28,16
2020-05-19,42,Ozone,MCMILLAN  NCore-PAMS,11-001-0043,AQS,7,42,29,23
2020-05-20,36,Ozone,MCMILLAN  NCore-PAMS,11-001-0043,AQS,7,36,28,16
2020-05-21,38,PM2.5,Near Road,11-001-0051,AQS,8,37,38,15
2020-05-22,41,PM2.5,Near Road,11-001-0051,AQS,8,31,41,14
2020-05-23,42,Ozone,MCMILLAN  NCore-PAMS,11-001-0043,AQS,9,42,40,25
2020-05-24,30,PM2.5,Near Road,11-001-0051,AQS,10,29,30,10
2020-05-25,39,Ozone,MCMILLAN  NCore-PAMS,11-001-0043,AQS,10,39,28,20
2020-05-26,36,PM2.5,Near Road,11-001-0051,AQS,11,34,36,18
2020-05-27,30,Ozone,MCMILLAN  NCore-PAMS,11-001-0043,AQS,8,30,25,11
2020-05-28,27,PM2.5,Near Road,11-001-0051,AQS,8,20,27,6
2020-05-29,45,PM2.5,Near Road,11-001-0051,AQS,8,36,45,7
2020-05-30,48,Ozone,MCMILLAN  NCore-PAMS,11-001-0043,AQS,7,48,28,11
2020-05-31,40,Ozone,MCMILLAN  NCore-PAMS,11-001-0043,AQS,6,40,34,6
2020-06-01,44,Ozone,MCMILLAN  NCore-PAMS,11-001-0043,AQS,8,44,30,18
2020-06-02,44,Ozone,MCMILLAN  NCore-PAMS,11-001-0043,AQS,9,44,36,24
2020-06-03,91,PM2.5,Near Road,11-001-0051,AQS,10,74,91,29
2020-06-04,74,Ozone,Takoma Rec Center,11-001-0050,AQS,9,74,56,30
2020-06-05,40,Ozone,Takoma Rec Center,11-001-0050,AQS,8,40,35,17
2020-06-06,54,Ozone,MCMILLAN  NCore-PAMS,11-001-0043,AQS,9,54,40,19
2020-06-07,44,Ozone,MCMILLAN  NCore-PAMS,11-001-0043,AQS,9,44,28,25
2020-06-08,50,Ozone,MCMILLAN  NCore-PAMS,11-001-0043,AQS,11,50,34,23
2020-06-09,67,Ozone,Takoma Rec Center,11-001-0050,AQS,9,67,59,27
2020-06-10,53,PM2.5,Near Road,11-001-0051,AQS,9,34,53,12
2020-06-11,42,Ozone,MCMILLAN  NCore-PAMS,11-001-0043,AQS,7,42,35,16
2020-06-12,61,Ozone,MCMILLAN  NCore-PAMS,11-001-0043,AQS,6,61,24,11
2020-06-13,44,Ozone,MCMILLAN  NCore-PAMS,11-001-0043,AQS,7,44,19,19
2020-06-14,46,Ozone,MCMILLAN  NCore-PAMS,11-001-0043,AQS,8,46,24,19
2020-06-15,44,Ozone,Takoma Rec Center,11-001-0050,AQS,8,44,42,14
2020-06-16,44,Ozone,Takoma Rec Center,11-001-0050,AQS,7,44,30,15
2020-06-17,25,PM2.5,Near Road,11-001-0051,AQS,7,23,25,14
2020-06-18,35,Ozone,MCMILLAN  NCore-PAMS,11-001-0043,AQS,5,35,27,23
2020-06-19,40,PM2.5,Near Road,11-001-0051,AQS,5,34,40,19
2020-06-20,33,PM2.5,Near Road,11-001-0051,AQS,6,31,33,14
2020-06-21,38,Ozone,MCMILLAN  NCore-PAMS,11-001-0043,AQS,6,38,33,10
2020-06-22,44,Ozone,MCMILLAN  NCore-PAMS,11-001-0043,AQS,5,44,40,17
2020-06-23,45,PM2.5,Near Road,11-001-0051,AQS,5,45,45,19
2020-06-24,51,Ozone,MCMILLAN  NCore-PAMS,11-001-0043,AQS,5,51,25,18
2020-06-25,50,Ozone,MCMILLAN  NCore-PAMS,11-001-0043,AQS,6,50,38,26
2020-06-26,64,Ozone,MCMILLAN  NCore-PAMS,11-001-0043,AQS,5,64,33,20
2020-06-27,53,PM2.5,Near Road,11-001-0051,AQS,7,45,53,20
2020-06-28,43,PM2.5,Near Road,11-001-0051,AQS,8,38,43,15
2020-06-29,43,PM2.5,Near Road,11-001-0051,AQS,6,40,43,27
2020-06-30,46,Ozone,MCMILLAN  NCore-PAMS,11-001-0043,AQS,8,46,39,24
2020-07-01,51,Ozone,MCMILLAN  NCore-PAMS,11-001-0043,AQS,6,51,41,23
2020-07-02,46,PM2.5,Near Road,11-001-0051,AQS,7,44,46,25
2020-07-03,55,PM2.5,RIVER TERRACE,11-001-0041,AQS,6,48,55,23
2020-07-04,166,PM2.5,Near Road,11-001-0051,AQS,8,45,166,29
2020-07-05,66,PM2.5,Near Road,11-001-0051,AQS,8,45,66,13
2020-07-06,55,PM2.5,Near Road,11-001-0051,AQS,5,48,55,16
2020-07-07,53,PM2.5,Near Road,11-001-0051,AQS,5,50,53,18
2020-07-08,52,PM2.5,Near Road,11-001-0051,AQS,5,42,52,16
2020-07-09,36,PM2.5,Near Road,11-001-0051,AQS,5,33,36,17
2020-07-10,31,Ozone,MCMILLAN  NCore-PAMS,11-001-0043,AQS,5,31,22,18
2020-07-11,44,Ozone,MCMILLAN  NCore-PAMS,11-001-0043,AQS,5,44,26,12
2020-07-12,46,Ozone,MCMILLAN  NCore-PAMS,11-001-0043,AQS,3,46,29,22
2020-07-13,44,Ozone,MCMILLAN  NCore-PAMS,11-001-0043,AQS,3,44,36,19
2020-07-14,44,Ozone,MCMILLAN  NCore-PAMS,11-001-0043,AQS,5,44,28,27
2020-07-15,77,Ozone,MCMILLAN  NCore-PAMS,11-001-0043,AQS,6,77,43,21
2020-07-16,41,PM2.5,Near Road,11-001-0051,AQS,5,41,41,17
2020-07-17,54,Ozone,MCMILLAN  NCore-PAMS,11-001-0043,AQS,6,54,49,19
2020-07-18,87,Ozone,MCMILLAN  NCore-PAMS,11-001-0043,AQS,7,87,46,18
2020-07-19,61,Ozone,MCMILLAN  NCore-PAMS,11-001-0043,AQS,6,61,54,22
2020-07-20,49,Ozone,MCMILLAN  NCore-PAMS,11-001-0043,AQS,6,49,46,20
2020-07-21,100,Ozone,Takoma Rec Center,11-001-0050,AQS,5,100,40,22
2020-07-22,50,Ozone,MCMILLAN  NCore-PAMS,11-001-0043,AQS,5,50,46,15
2020-07-23,67,Ozone,MCMILLAN  NCore-PAMS,11-001-0043,AQS,5,67,33,23
2020-07-24,43,Ozone,MCMILLAN  NCore-PAMS,11-001-0043,AQS,3,43,30,18
2020-07-25,64,Ozone,MCMILLAN  NCore-PAMS,11-001-0043,AQS,5,64,38,13
2020-07-26,51,Ozone,MCMILLAN  NCore-PAMS,11-001-0043,AQS,6,51,50,20
2020-07-27,54,PM2.5,Near Road,11-001-0051,AQS,7,50,54,21
2020-07-28,42,Ozone,MCMILLAN  NCore-PAMS,11-001-0043,AQS,5,42,33,18
2020-07-29,84,Ozone,MCMILLAN  NCore-PAMS,11-001-0043,AQS,5,84,31,33
2020-07-30,77,Ozone,Takoma Rec Center,11-001-0050,AQS,6,77,40,17
2020-07-31,38,Ozone,MCMILLAN  NCore-PAMS,11-001-0043,AQS,7,38,29,14
2020-08-01,46,Ozone,MCMILLAN  NCore-PAMS,11-001-0043,AQS,7,46,38,11
2020-08-02,48,PM2.5,Near Road,11-001-0051,AQS,7,34,48,8
2020-08-03,48,Ozone,Takoma Rec Center,11-001-0050,AQS,6,48,24,15
2020-08-04,31,Ozone,MCMILLAN  NCore-PAMS,11-001-0043,AQS,5,31,21,18
2020-08-05,51,Ozone,MCMILLAN  NCore-PAMS,11-001-0043,AQS,6,51,38,19
2020-08-06,47,Ozone,MCMILLAN  NCore-PAMS,11-001-0043,AQS,7,47,40,23
2020-08-07,40,Ozone,Takoma Rec Center,11-001-0050,AQS,5,40,25,18
2020-08-08,47,Ozone,MCMILLAN  NCore-PAMS,11-001-0043,AQS,6,47,27,20
2020-08-09,43,Ozone,MCMILLAN  NCore-PAMS,11-001-0043,AQS,8,43,38,16
2020-08-10,58,Ozone,Takoma Rec Center,11-001-0050,AQS,6,58,53,33
2020-08-11,56,PM2.5,Near Road,11-001-0051,AQS,6,45,56,23
2020-08-12,50,Ozone,Takoma Rec Center,11-001-0050,AQS,6,50,43,25
2020-08-13,41,Ozone,MCMILLAN  NCore-PAMS,11-001-0043,AQS,5,41,33,20
2020-08-14,40,PM2.5,Near Road,11-001-0051,AQS,3,40,40,12
2020-08-15,52,PM2.5,Near Road,11-001-0051,AQS,5,34,52,15
2020-08-16,31,Ozone,MCMILLAN  NCore-PAMS,11-001-0043,AQS,6,31,27,16
2020-08-17,41,Ozone,MCMILLAN  NCore-PAMS,11-001-0043,AQS,8,41,38,21
2020-08-18,46,Ozone,MCMILLAN  NCore-PAMS,11-001-0043,AQS,6,46,36,25
2020-08-19,43,Ozone,MCMILLAN  NCore-PAMS,11-001-0043,AQS,8,43,33,21
2020-08-20,49,Ozone,MCMILLAN  NCore-PAMS,11-001-0043,AQS,6,49,37,24
2020-08-21,44,Ozone,Takoma Rec Center,11-001-0050,AQS,6,44,41,22
2020-08-22,36,Ozone,MCMILLAN  NCore-PAMS,11-001-0043,AQS,6,36,33,20
2020-08-23,43,Ozone,MCMILLAN  NCore-PAMS,11-001-0043,AQS,6,43,26,15
2020-08-24,44,Ozone,Takoma Rec Center,11-001-0050,AQS,5,44,38,18
2020-08-25,49,PM2.5,Near Road,11-001-0051,AQS,5,46,49,18
2020-08-26,40,Ozone,MCMILLAN  NCore-PAMS,11-001-0043,AQS,5,40,32,10
2020-08-27,37,PM2.5,MCMILLAN  NCore-PAMS,11-001-0043,AQS,5,36,37,15
2020-08-28,46,PM2.5,Near Road,11-001-0051,AQS,3,33,46,15
2020-08-29,31,Ozone,RIVER TERRACE,11-001-0041,AQS,3,31,27,9
2020-08-30,37,Ozone,MCMILLAN  NCore-PAMS,11-001-0043,AQS,6,37,22,24
2020-08-31,32,PM2.5,Near Road,11-001-0051,AQS,8,26,32,23
2020-09-01,30,PM2.5,Near Road,11-001-0051,AQS,6,29,30,21
2020-09-02,39,PM2.5,Near Road,11-001-0051,AQS,5,32,39,17
2020-09-03,43,PM2.5,Near Road,11-001-0051,AQS,6,36,43,17
2020-09-04,43,PM2.5,Near Road,11-001-0051,AQS,5,39,43,18
2020-09-05,43,Ozone,RIVER TERRACE,11-001-0041,AQS,6,43,24,24
2020-09-06,46,Ozone,MCMILLAN  NCore-PAMS,11-001-0043,AQS,8,46,33,22
2020-09-07,48,Ozone,MCMILLAN  NCore-PAMS,11-001-0043,AQS,6,48,27,19
2020-09-08,37,Ozone,MCMILLAN  NCore-PAMS,11-001-0043,AQS,7,37,33,22
2020-09-09,33,PM2.5,Near Road,11-001-0051,AQS,5,23,33,16
2020-09-10,17,PM2.5,Near Road,11-001-0051,AQS,3,15,17,13
2020-09-11,35,PM2.5,Near Road,11-001-0051,AQS,6,30,35,15
2020-09-12,28,Ozone,MCMILLAN  NCore-PAMS,11-001-0043,AQS,6,28,25,11
2020-09-13,35,Ozone,Takoma Rec Center,11-001-0050,AQS,7,35,29,17
2020-09-14,32,Ozone,MCMILLAN  NCore-PAMS,11-001-0043,AQS,7,32,21,11
2020-09-15,26,Ozone,MCMILLAN  NCore-PAMS,11-001-0043,AQS,7,26,21,21
2020-09-16,32,PM2.5,Near Road,11-001-0051,AQS,7,32,32,25
2020-09-17,43,PM2.5,Near Road,11-001-0051,AQS,6,21,43,25
2020-09-18,39,PM2.5,Near Road,11-001-0051,AQS,3,31,39,13
2020-09-19,32,Ozone,RIVER TERRACE,11-001-0041,AQS,8,32,28,21
2020-09-20,34,PM2.5,RIVER TERRACE,11-001-0041,AQS,9,33,34,17
2020-09-21,35,Ozone,MCMILLAN  NCore-PAMS,11-001-0043,AQS,9,35,30,26
2020-09-22,43,Ozone,MCMILLAN  NCore-PAMS,11-001-0043,AQS,10,43,36,35
2020-09-23,54,Ozone,MCMILLAN  NCore-PAMS,11-001-0043,AQS,7,54,34,35
2020-09-24,49,PM2.5,Near Road,11-001-0051,AQS,8,30,49,34
2020-09-25,46,PM2.5,Near Road,11-001-0051,AQS,8,30,46,19
2020-09-26,28,Ozone,MCMILLAN  NCore-PAMS,11-001-0043,AQS,6,28,22,12
2020-09-27,26,Ozone,MCMILLAN  NCore-PAMS,11-001-0043,AQS,7,26,21,12
2020-09-28,35,PM2.5,Near Road,11-001-0051,AQS,7,28,35,12
2020-09-29,26,Ozone,Takoma Rec Center,11-001-0050,AQS,3,26,25,10
2020-09-30,30,Ozone,RIVER TERRACE,11-001-0041,AQS,5,30,15,17
2020-10-01,32,Ozone,MCMILLAN  NCore-PAMS,11-001-0043,AQS,5,32,22,16
2020-10-02,30,Ozone,MCMILLAN  NCore-PAMS,11-001-0043,AQS,3,30,18,21
2020-10-03,33,Ozone,MCMILLAN  NCore-PAMS,11-001-0043,AQS,9,33,28,25
2020-10-04,47,PM2.5,RIVER TERRACE,11-001-0041,AQS,13,39,47,25
2020-10-05,36,Ozone,MCMILLAN  NCore-PAMS,11-001-0043,AQS,8,36,22,25
2020-10-06,40,PM2.5,Near Road,11-001-0051,AQS,7,39,40,26
2020-10-07,47,PM2.5,Near Road,11-001-0051,AQS,7,42,47,27
2020-10-08,33,Ozone,MCMILLAN  NCore-PAMS,11-001-0043,AQS,6,33,20,21
2020-10-09,35,Ozone,MCMILLAN  NCore-PAMS,11-001-0043,AQS,8,35,30,24
2020-10-10,39,PM2.5,Near Road,11-001-0051,AQS,6,27,39,13
2020-10-11,37,PM2.5,Near Road,11-001-0051,AQS,5,26,37,8
2020-10-12,23,Ozone,MCMILLAN  NCore-PAMS,11-001-0043,AQS,3,23,6,8
2020-10-13,30,Ozone,MCMILLAN  NCore-PAMS,11-001-0043,AQS,3,30,20,12
2020-10-14,41,Ozone,MCMILLAN  NCore-PAMS,11-001-0043,AQS,7,41,28,23
2020-10-15,37,PM2.5,Near Road,11-001-0051,AQS,6,37,37,25
2020-10-16,33,Ozone,MCMILLAN  NCore-PAMS,11-001-0043,AQS,5,33,18,20
2020-10-17,34,Ozone,MCMILLAN  NCore-PAMS,11-001-0043,AQS,7,34,23,25
2020-10-18,46,PM2.5,Near Road,11-001-0051,AQS,10,36,46,24
2020-10-19,32,PM2.5,Near Road,11-001-0051,AQS,7,32,32,22
2020-10-20,32,PM2.5,Near Road,11-001-0051,AQS,7,32,32,20
2020-10-21,43,PM2.5,Near Road,11-001-0051,AQS,8,20,43,24
2020-10-22,52,PM2.5,Near Road,11-001-0051,AQS,8,28,52,19
2020-10-23,32,PM2.5,Near Road,11-001-0051,AQS,6,29,32,17
2020-10-24,25,Ozone,MCMILLAN  NCore-PAMS,11-001-0043,AQS,5,25,21,10
2020-10-25,16,Ozone,RIVER TERRACE,11-001-0041,AQS,3,16,13,12
2020-10-26,34,PM2.5,Near Road,11-001-0051,AQS,11,9,34,16
2020-10-27,42,PM2.5,Near Road,11-001-0051,AQS,13,11,42,16
2020-10-28,54,PM2.5,Near Road,11-001-0051,AQS,9,19,54,23
2020-10-29,19,Ozone,RIVER TERRACE,11-001-0041,AQS,8,19,15,13
2020-10-30,19,Ozone,RIVER TERRACE,11-001-0041,AQS,3,19,11,12
2020-10-31,24,Ozone,RIVER TERRACE,11-001-0041,AQS,6,24,18,18
2020-11-01,27,Ozone,RIVER TERRACE,11-001-0041,AQS,6,27,13,8
2020-11-02,31,Ozone,RIVER TERRACE,11-001-0041,AQS,3,31,11,12
2020-11-03,34,NO2,Near Road,11-001-0051,AQS,14,33,27,34
2020-11-04,48,PM2.5,Near Road,11-001-0051,AQS,16,33,48,34
2020-11-05,55,PM2.5,Near Road,11-001-0051,AQS,14,34,55,37
2020-11-06,65,PM2.5,Near Road,11-001-0051,AQS,16,33,65,42
2020-11-07,82,PM2.5,MCMILLAN  NCore-PAMS,11-001-0043,AQS,19,36,82,42
2020-11-08,89,PM2.5,MCMILLAN  NCore-PAMS,11-001-0043,AQS,20,32,89,29
2020-11-09,58,PM2.5,Near Road,11-001-0051,AQS,14,27,58,31
2020-11-10,40,PM2.5,Near Road,11-001-0051,AQS,7,31,40,29
2020-11-11,28,PM2.5,Near Road,11-001-0051,AQS,6,17,28,20
2020-11-12,19,Ozone,MCMILLAN  NCore-PAMS,11-001-0043,AQS,3,19,15,12
2020-11-13,33,PM2.5,Near Road,11-001-0051,AQS,5,23,33,27
2020-11-14,52,PM2.5,Near Road,11-001-0051,AQS,13,34,52,34
2020-11-15,47,PM2.5,Near Road,11-001-0051,AQS,14,34,47,27
2020-11-16,36,Ozone,MCMILLAN  NCore-PAMS,11-001-0043,AQS,2,36,6,16
2020-11-17,39,Ozone,RIVER TERRACE,11-001-0041,AQS,6,39,9,28
2020-11-18,39,NO2,MCMILLAN  NCore-PAMS,11-001-0043,AQS,7,33,13,39
2020-11-19,43,NO2,MCMILLAN  NCore-PAMS,11-001-0043,AQS,13,29,37,43
2020-11-20,51,PM2.5,MCMILLAN  NCore-PAMS,11-001-0043,AQS,17,30,51,41
2020-11-21,70,PM2.5,Near Road,11-001-0051,AQS,24,29,70,41
2020-11-22,37,PM2.5,Near Road,11-001-0051,AQS,5,26,37,21
2020-11-23,35,Ozone,RIVER TERRACE,11-001-0041,AQS,5,35,20,14
2020-11-24,30,NO2,Near Road,11-001-0051,AQS,6,28,20,30
2020-11-25,31,PM2.5,Near Road,11-001-0051,AQS,7,28,31,25
2020-11-26,30,PM2.5,Near Road,11-001-0051,AQS,7,28,30,25
2020-11-27,43,PM2.5,Near Road,11-001-0051,AQS,9,20,43,26
2020-11-28,40,PM2.5,Near Road,11-001-0051,AQS,11,31,40,25
2020-11-29,40,PM2.5,RIVER TERRACE,11-001-0041,AQS,11,29,40,31
2020-11-30,26,NO2,Near Road,11-001-0051,AQS,5,23,18,26
2020-12-01,22,Ozone,RIVER TERRACE,11-001-0041,AQS,2,22,3,10
2020-12-02,30,Ozone,Takoma Rec Center,11-001-0050,AQS,2,30,10,19
2020-12-03,50,NO2,MCMILLAN  NCore-PAMS,11-001-0043,AQS,10,23,33,50
2020-12-04,43,PM2.5,Near Road,11-001-0051,AQS,9,22,43,30
2020-12-05,27,Ozone,MCMILLAN  NCore-PAMS,11-001-0043,AQS,8,27,22,27
2020-12-06,31,Ozone,MCMILLAN  NCore-PAMS,11-001-0043,AQS,2,31,10,17
2020-12-07,29,Ozone,MCMILLAN  NCore-PAMS,11-001-0043,AQS,2,29,17,25
2020-12-08,31,Ozone,Takoma Rec Center,11-001-0050,AQS,2,31,16,12
2020-12-09,38,PM2.5,Near Road,11-001-0051,AQS,14,20,38,33
2020-12-10,80,PM2.5,Near Road,11-001-0051,AQS,18,14,80,42
2020-12-11,71,PM2.5,Near Road,11-001-0051,AQS,16,28,71,39
2020-12-12,70,PM2.5,Near Road,11-001-0051,AQS,18,31,70,34
2020-12-13,41,PM2.5,King Greenleaf Rec Center,11-001-0053,AQS,3,30,41,25
2020-12-14,26,NO2,RIVER TERRACE,11-001-0041,AQS,3,22,25,26
2020-12-15,33,NO2,RIVER TERRACE,11-001-0041,AQS,7,25,23,33
2020-12-16,37,NO2,RIVER TERRACE,11-001-0041,AQS,8,21,20,37
2020-12-17,35,NO2,RIVER TERRACE,11-001-0041,AQS,5,30,22,35
2020-12-18,29,PM2.5,RIVER TERRACE,11-001-0041,AQS,5,27,29,25
2020-12-19,38,PM2.5,RIVER TERRACE,11-001-0041,AQS,7,19,38,31
2020-12-20,43,PM2.5,MCMILLAN  NCore-PAMS,11-001-0043,AQS,7,23,43,26
2020-12-21,53,PM2.5,Near Road,11-001-0051,AQS,6,16,53,24
2020-12-22,23,Ozone,Takoma Rec Center,11-001-0050,AQS,6,23,17,23
2020-12-23,41,NO2,RIVER TERRACE,11-001-0041,AQS,11,20,31,41
2020-12-24,30,Ozone,MCMILLAN  NCore-PAMS,11-001-0043,AQS,5,30,25,27
2020-12-25,22,Ozone,RIVER TERRACE,11-001-0041,AQS,2,22,10,15
2020-12-26,28,Ozone,MCMILLAN  NCore-PAMS,11-001-0043,AQS,5,28,15,25
2020-12-27,34,PM2.5,Near Road,11-001-0051,AQS,8,24,34,31
2020-12-28,35,NO2,MCMILLAN  NCore-PAMS,11-001-0043,AQS,7,25,34,35
2020-12-29,34,NO2,RIVER TERRACE,11-001-0041,AQS,7,33,22,34
2020-12-30,36,NO2,RIVER TERRACE,11-001-0041,AQS,9,30,29,36
2020-12-31,27,Ozone,MCMILLAN  NCore-PAMS,11-001-0043,AQS,3,27,23,14
2021-01-01,41,PM2.5,King Greenleaf Rec Center,11-001-0053,AQS,3,20,41,20
2021-01-02,22,Ozone,MCMILLAN  NCore-PAMS,11-001-0043,AQS,5,22,19,19
2021-01-03,26,PM2.5,RIVER TERRACE,11-001-0041,AQS,6,16,26,23
2021-01-04,28,PM2.5,RIVER TERRACE,11-001-0041,AQS,7,15,28,22
2021-01-05,34,PM2.5,RIVER TERRACE,11-001-0041,AQS,5,14,34,26
2021-01-06,27,Ozone,MCMILLAN  NCore-PAMS,11-001-0043,AQS,3,27,21,19
2021-01-07,32,NO2,RIVER TERRACE,11-001-0041,AQS,5,31,21,32
2021-01-08,26,NO2,RIVER TERRACE,11-001-0041,AQS,5,24,25,26
2021-01-09,34,Ozone,MCMILLAN  NCore-PAMS,11-001-0043,AQS,2,34,16,25
2021-01-10,39,NO2,MCMILLAN  NCore-PAMS,11-001-0043,AQS,14,33,38,39
2021-01-11,68,PM2.5,Near Road,11-001-0051,AQS,17,12,68,50
2021-01-12,65,PM2.5,Near Road,11-001-0051,AQS,16,27,65,44
2021-01-13,70,PM2.5,Near Road,11-001-0051,AQS,19,25,70,61
2021-01-14,68,PM2.5,Near Road,11-001-0051,AQS,13,30,68,57
2021-01-15,67,PM2.5,Near Road,11-001-0051,AQS,9,24,67,46
2021-01-16,30,Ozone,MCMILLAN  NCore-PAMS,11-001-0043,AQS,5,30,25,29
2021-01-17,24,Ozone,MCMILLAN  NCore-PAMS,11-001-0043,AQS,5,24,17,24
2021-01-18,31,NO2,RIVER TERRACE,11-001-0041,AQS,6,26,15,31
2021-01-19,44,NO2,MCMILLAN  NCore-PAMS,11-001-0043,AQS,10,32,20,44
2021-01-20,51,NO2,MCMILLAN  NCore-PAMS,11-001-0043,AQS,15,28,27,51
2021-01-21,47,NO2,MCMILLAN  NCore-PAMS,11-001-0043,AQS,10,28,38,47
2021-01-22,39,NO2,RIVER TERRACE,11-001-0041,AQS,11,33,22,39
2021-01-23,33,Ozone,MCMILLAN  NCore-PAMS,11-001-0043,AQS,2,33,17,19
2021-01-24,33,Ozone,MCMILLAN  NCore-PAMS,11-001-0043,AQS,6,33,24,33
2021-01-25,43,PM2.5,RIVER TERRACE,11-001-0041,AQS,7,19,43,32
2021-01-26,43,PM2.5,RIVER TERRACE,11-001-0041,AQS,5,15,43,33
2021-01-27,45,PM2.5,Near Road,11-001-0051,AQS,5,29,45,22
2021-01-28,32,Ozone,MCMILLAN  NCore-PAMS,11-001-0043,AQS,2,32,21,11
2021-01-29,32,Ozone,MCMILLAN  NCore-PAMS,11-001-0043,AQS,2,32,17,16
2021-01-30,46,NO2,Takoma Rec Center,11-001-0050,AQS,8,35,23,46
2021-01-31,44,NO2,Takoma Rec Center,11-001-0050,AQS,9,29,34,44
2021-02-01,33,Ozone,MCMILLAN  NCore-PAMS,11-001-0043,AQS,2,33,25,21
2021-02-02,35,Ozone,MCMILLAN  NCore-PAMS,11-001-0043,AQS,2,35,19,15
2021-02-03,37,Ozone,MCMILLAN  NCore-PAMS,11-001-0043,AQS,2,37,19,19
2021-02-04,53,NO2,Takoma Rec Center,11-001-0050,AQS,5,38,32,53
2021-02-05,35,Ozone,Takoma Rec Center,11-001-0050,AQS,6,35,32,25
2021-02-06,37,NO2,Takoma Rec Center,11-001-0050,AQS,5,33,25,37
2021-02-07,34,Ozone,MCMILLAN  NCore-PAMS,11-001-0043,AQS,5,34,28,28
2021-02-08,48,PM2.5,Near Road,11-001-0051,AQS,5,31,48,37
2021-02-09,54,PM2.5,Near Road,11-001-0051,AQS,6,29,54,40
2021-02-10,68,PM2.5,Near Road,11-001-0051,AQS,8,24,68,44
2021-02-11,70,PM2.5,Near Road,11-001-0051,AQS,6,30,70,29
2021-02-12,59,PM2.5,Near Road,11-001-0051,AQS,5,30,59,29
2021-02-13,58,PM2.5,Near Road,11-001-0051,AQS,5,26,58,27
2021-02-14,70,PM2.5,Near Road,11-001-0051,AQS,6,29,70,34
2021-02-15,66,PM2.5,Near Road,11-001-0051,AQS,6,25,66,33
2021-02-16,72,NO2,MCMILLAN  NCore-PAMS,11-001-0043,AQS,7,29,27,72
2021-02-17,81,NO2,MCMILLAN  NCore-PAMS,11-001-0043,AQS,5,34,35,81
2021-02-18,53,PM2.5,Near Road,11-001-0051,AQS,5,21,53,23
2021-02-19,47,PM2.5,Near Road,11-001-0051,AQS,3,37,47,27
2021-02-20,46,PM2.5,Near Road,11-001-0051,AQS,3,43,46,22
2021-02-21,55,PM2.5,King Greenleaf Rec Center,11-001-0053,AQS,5,44,55,25
2021-02-22,38,NO2,RIVER TERRACE,11-001-0041,AQS,8,35,37,38
2021-02-23,40,NO2,RIVER TERRACE,11-001-0041,AQS,10,39,39,40
2021-02-24,53,NO2,RIVER TERRACE,11-001-0041,AQS,14,44,48,53
2021-02-25,43,Ozone,MCMILLAN  NCore-PAMS,11-001-0043,AQS,9,43,40,42
2021-02-26,45,PM2.5,Near Road,11-001-0051,AQS,14,39,45,42
2021-02-27,35,Ozone,MCMILLAN  NCore-PAMS,11-001-0043,AQS,9,35,32,33
2021-02-28,47,PM2.5,Near Road,11-001-0051,AQS,14,28,47,29
2021-03-01,55,NO2,MCMILLAN  NCore-PAMS,11-001-0043,AQS,7,36,28,55
2021-03-02,42,Ozone,MCMILLAN  NCore-PAMS,11-001-0043,AQS,6,42,22,35
2021-03-03,44,NO2,RIVER TERRACE,11-001-0041,AQS,9,41,40,44
2021-03-04,43,Ozone,MCMILLAN  NCore-PAMS,11-001-0043,AQS,13,43,36,43
2021-03-05,42,Ozone,MCMILLAN  NCore-PAMS,11-001-0043,AQS,3,42,18,17
2021-03-06,44,Ozone,MCMILLAN  NCore-PAMS,11-001-0043,AQS,3,44,21,30
2021-03-07,44,Ozone,MCMILLAN  NCore-PAMS,11-001-0043,AQS,7,44,36,38
2021-03-08,55,PM2.5,Near Road,11-001-0051,AQS,14,44,55,45
2021-03-09,58,PM2.5,Near Road,11-001-0051,AQS,14,50,58,48
2021-03-10,68,PM2.5,Near Road,11-001-0051,AQS,16,61,68,46
2021-03-11,63,PM2.5,Near Road,11-001-0051,AQS,6,61,63,31
2021-03-12,44,Ozone,MCMILLAN  NCore-PAMS,11-001-0043,AQS,6,44,36,42
2021-03-13,47,Ozone,MCMILLAN  NCore-PAMS,11-001-0043,AQS,8,47,20,42
2021-03-14,48,Ozone,MCMILLAN  NCore-PAMS,11-001-0043,AQS,9,48,23,34
2021-03-15,48,NO2,Near Road,11-001-0051,AQS,5,43,18,48
2021-03-16,36,Ozone,MCMILLAN  NCore-PAMS,11-001-0043,AQS,5,36,27,33
2021-03-17,38,PM2.5,Near Road,11-001-0051,AQS,6,28,38,20
2021-03-18,31,Ozone,MCMILLAN  NCore-PAMS,11-001-0043,AQS,5,31,24,25
2021-03-19,40,Ozone,MCMILLAN  NCore-PAMS,11-001-0043,AQS,5,40,19,12
2021-03-20,42,Ozone,MCMILLAN  NCore-PAMS,11-001-0043,AQS,8,42,29,40
2021-03-21,56,PM2.5,Near Road,11-001-0051,AQS,14,49,56,41
2021-03-22,47,PM2.5,Near Road,11-001-0051,AQS,9,47,47,43
2021-03-23,42,Ozone,MCMILLAN  NCore-PAMS,11-001-0043,AQS,9,42,38,38
2021-03-24,34,PM2.5,Near Road,11-001-0051,AQS,6,30,34,25
2021-03-25,48,PM2.5,Near Road,11-001-0051,AQS,6,26,48,24
2021-03-26,47,Ozone,MCMILLAN  NCore-PAMS,11-001-0043,AQS,6,47,28,11
2021-03-27,45,Ozone,MCMILLAN  NCore-PAMS,11-001-0043,AQS,6,45,21,30
2021-03-28,36,Ozone,MCMILLAN  NCore-PAMS,11-001-0043,AQS,5,36,25,10
2021-03-29,44,Ozone,MCMILLAN  NCore-PAMS,11-001-0043,AQS,7,44,18,38
2021-03-30,47,Ozone,MCMILLAN  NCore-PAMS,11-001-0043,AQS,9,47,39,44
2021-03-31,38,Ozone,MCMILLAN  NCore-PAMS,11-001-0043,AQS,7,38,32,25
2021-04-01,38,Ozone,MCMILLAN  NCore-PAMS,11-001-0043,AQS,6,38,15,17
2021-04-02,43,Ozone,MCMILLAN  NCore-PAMS,11-001-0043,AQS,2,43,17,16
2021-04-03,42,Ozone,MCMILLAN  NCore-PAMS,11-001-0043,AQS,7,42,20,30
2021-04-04,71,Ozone,MCMILLAN  NCore-PAMS,11-001-0043,AQS,8,71,38,29
2021-04-05,61,Ozone,MCMILLAN  NCore-PAMS,11-001-0043,AQS,10,61,50,48
2021-04-06,64,Ozone,MCMILLAN  NCore-PAMS,11-001-0043,AQS,14,64,52,44
2021-04-07,87,Ozone,MCMILLAN  NCore-PAMS,11-001-0043,AQS,8,87,54,39
2021-04-08,43,Ozone,MCMILLAN  NCore-PAMS,11-001-0043,AQS,6,43,22,28
2021-04-09,29,Ozone,MCMILLAN  NCore-PAMS,11-001-0043,AQS,5,29,28,22
2021-04-10,44,Ozone,MCMILLAN  NCore-PAMS,11-001-0043,AQS,6,44,40,16
2021-04-11,49,Ozone,MCMILLAN  NCore-PAMS,11-001-0043,AQS,6,49,25,24
2021-04-12,33,Ozone,MCMILLAN  NCore-PAMS,11-001-0043,AQS,5,33,26,25
2021-04-13,36,Ozone,MCMILLAN  NCore-PAMS,11-001-0043,AQS,6,36,32,30
2021-04-14,44,PM2.5,Near Road,11-001-0051,AQS,7,35,44,25
2021-04-15,43,Ozone,MCMILLAN  NCore-PAMS,11-001-0043,AQS,5,43,29,21
2021-04-16,39,Ozone,MCMILLAN  NCore-PAMS,11-001-0043,AQS,3,39,18,14
2021-04-17,38,Ozone,MCMILLAN  NCore-PAMS,11-001-0043,AQS,5,38,27,29
2021-04-18,42,Ozone,MCMILLAN  NCore-PAMS,11-001-0043,AQS,7,42,30,36
2021-04-19,42,Ozone,MCMILLAN  NCore-PAMS,11-001-0043,AQS,7,42,35,36
2021-04-20,49,Ozone,MCMILLAN  NCore-PAMS,11-001-0043,AQS,6,49,35,26
2021-04-21,42,Ozone,MCMILLAN  NCore-PAMS,11-001-0043,AQS,3,42,28,20
2021-04-22,43,Ozone,MCMILLAN  NCore-PAMS,11-001-0043,AQS,3,43,26,27
2021-04-23,57,NO2,Near Road,11-001-0051,AQS,7,54,39,57
2021-04-24,58,Ozone,MCMILLAN  NCore-PAMS,11-001-0043,AQS,9,58,48,41
2021-04-25,47,Ozone,MCMILLAN  NCore-PAMS,11-001-0043,AQS,5,47,38,24
2021-04-26,48,Ozone,MCMILLAN  NCore-PAMS,11-001-0043,AQS,7,48,25,41
2021-04-27,58,Ozone,MCMILLAN  NCore-PAMS,11-001-0043,AQS,9,58,52,37
2021-04-28,61,Ozone,MCMILLAN  NCore-PAMS,11-001-0043,AQS,6,61,57,40
2021-04-29,52,PM2.5,Near Road,11-001-0051,AQS,6,43,52,28
2021-04-30,44,Ozone,MCMILLAN  NCore-PAMS,11-001-0043,AQS,3,44,16,8
2021-05-01,45,Ozone,MCMILLAN  NCore-PAMS,11-001-0043,AQS,5,45,18,24
2021-05-02,58,Ozone,MCMILLAN  NCore-PAMS,11-001-0043,AQS,6,58,37,20
2021-05-03,46,PM2.5,Near Road,11-001-0051,AQS,5,41,46,25
2021-05-04,41,Ozone,MCMILLAN  NCore-PAMS,11-001-0043,AQS,6,41,33,22
2021-05-05,39,Ozone,MCMILLAN  NCore-PAMS,11-001-0043,AQS,5,39,33,19
2021-05-06,38,Ozone,MCMILLAN  NCore-PAMS,11-001-0043,AQS,7,38,25,33
2021-05-07,38,Ozone,MCMILLAN  NCore-PAMS,11-001-0043,AQS,9,38,33,26
2021-05-08,41,Ozone,MCMILLAN  NCore-PAMS,11-001-0043,AQS,5,41,19,25
2021-05-09,40,Ozone,MCMILLAN  NCore-PAMS,11-001-0043,AQS,6,40,28,27
2021-05-10,44,Ozone,MCMILLAN  NCore-PAMS,11-001-0043,AQS,3,44,18,22
2021-05-11,47,Ozone,MCMILLAN  NCore-PAMS,11-001-0043,AQS,5,47,28,33
2021-05-12,36,Ozone,MCMILLAN  NCore-PAMS,11-001-0043,AQS,6,36,21,36
2021-05-13,44,Ozone,MCMILLAN  NCore-PAMS,11-001-0043,AQS,8,44,33,40
2021-05-14,45,Ozone,MCMILLAN  NCore-PAMS,11-001-0043,AQS,8,45,44,41
2021-05-15,67,Ozone,MCMILLAN  NCore-PAMS,11-001-0043,AQS,9,67,40,39
2021-05-16,46,Ozone,MCMILLAN  NCore-PAMS,11-001-0043,AQS,6,46,34,23
2021-05-17,49,Ozone,MCMILLAN  NCore-PAMS,11-001-0043,AQS,5,49,45,27
2021-05-18,80,Ozone,MCMILLAN  NCore-PAMS,11-001-0043,AQS,7,80,47,36
2021-05-19,101,Ozone,MCMILLAN  NCore-PAMS,11-001-0043,AQS,8,101,52,48
2021-05-20,140,Ozone,MCMILLAN  NCore-PAMS,11-001-0043,AQS,9,140,52,44
2021-05-21,84,Ozone,MCMILLAN  NCore-PAMS,11-001-0043,AQS,5,84,41,30
2021-05-22,80,Ozone,MCMILLAN  NCore-PAMS,11-001-0043,AQS,6,80,52,31
2021-05-23,61,Ozone,MCMILLAN  NCore-PAMS,11-001-0043,AQS,2,61,52,6
2021-05-24,30,PM2.5,Near Road,11-001-0051,AQS,5,27,30,15
2021-05-25,43,PM2.5,Near Road,11-001-0051,AQS,5,38,43,25
2021-05-26,74,Ozone,MCMILLAN  NCore-PAMS,11-001-0043,AQS,5,74,58,23
2021-05-27,49,Ozone,MCMILLAN  NCore-PAMS,11-001-0043,AQS,6,49,40,39
2021-05-28,42,PM2.5,King Greenleaf Rec Center,11-001-0053,AQS,7,41,42,24
2021-05-29,29,Ozone,MCMILLAN  NCore-PAMS,11-001-0043,AQS,2,29,8,10
2021-05-30,24,Ozone,MCMILLAN  NCore-PAMS,11-001-0043,AQS,2,24,14,7
2021-05-31,41,Ozone,MCMILLAN  NCore-PAMS,11-001-0043,AQS,8,41,33,34
2021-06-01,41,Ozone,MCMILLAN  NCore-PAMS,11-001-0043,AQS,10,41,35,28
2021-06-02,45,PM2.5,King Greenleaf Rec Center,11-001-0053,AQS,5,45,45,29
2021-06-03,33,PM2.5,King Greenleaf Rec Center,11-001-0053,AQS,3,32,33,20
2021-06-04,46,Ozone,MCMILLAN  NCore-PAMS,11-001-0043,AQS,5,46,32,25
2021-06-05,105,Ozone,MCMILLAN  NCore-PAMS,11-001-0043,AQS,7,105,52,26
2021-06-06,77,Ozone,MCMILLAN  NCore-PAMS,11-001-0043,AQS,7,77,58,24
2021-06-07,54,PM2.5,Near Road,11-001-0051,AQS,6,37,54,16
2021-06-08,51,PM2.5,Near Road,11-001-0051,AQS,6,49,51,14
2021-06-09,59,PM2.5,Near Road,11-001-0051,AQS,6,45,59,19
2021-06-10,48,Ozone,MCMILLAN  NCore-PAMS,11-001-0043,AQS,5,48,42,19
2021-06-11,28,PM2.5,King Greenleaf Rec Center,11-001-0053,AQS,5,26,28,22
2021-06-12,44,Ozone,MCMILLAN  NCore-PAMS,11-001-0043,AQS,6,44,37,16
2021-06-13,35,Ozone,MCMILLAN  NCore-PAMS,11-001-0043,AQS,6,35,32,11
2021-06-14,54,Ozone,MCMILLAN  NCore-PAMS,11-001-0043,AQS,5,54,42,20
2021-06-15,40,Ozone,MCMILLAN  NCore-PAMS,11-001-0043,AQS,3,40,34,11
2021-06-16,48,Ozone,MCMILLAN  NCore-PAMS,11-001-0043,AQS,2,48,25,18
2021-06-17,54,Ozone,MCMILLAN  NCore-PAMS,11-001-0043,AQS,7,54,28,41
2021-06-18,77,Ozone,MCMILLAN  NCore-PAMS,11-001-0043,AQS,9,77,44,34
2021-06-19,60,PM2.5,Near Road,11-001-0051,AQS,7,47,60,32
2021-06-20,58,PM2.5,Near Road,11-001-0051,AQS,9,46,58,24
2021-06-21,45,PM2.5,King Greenleaf Rec Center,11-001-0053,AQS,3,35,45,17
2021-06-22,29,PM2.5,Near Road,11-001-0051,AQS,5,27,29,23
2021-06-23,44,Ozone,MCMILLAN  NCore-PAMS,11-001-0043,AQS,6,44,26,31
2021-06-24,48,Ozone,MCMILLAN  NCore-PAMS,11-001-0043,AQS,7,48,40,30
2021-06-25,44,Ozone,MCMILLAN  NCore-PAMS,11-001-0043,AQS,5,44,27,22
2021-06-26,35,PM2.5,King Greenleaf Rec Center,11-001-0053,AQS,3,24,35,10
2021-06-27,43,PM2.5,King Greenleaf Rec Center,11-001-0053,AQS,5,21,43,8
2021-06-28,43,PM2.5,Near Road,11-001-0051,AQS,5,34,43,12
2021-06-29,43,PM2.5,King Greenleaf Rec Center,11-001-0053,AQS,5,39,43,13
2021-06-30,45,Ozone,MCMILLAN  NCore-PAMS,11-001-0043,AQS,3,45,40,21
2021-07-01,41,Ozone,MCMILLAN  NCore-PAMS,11-001-0043,AQS,5,41,30,17
2021-07-02,36,Ozone,MCMILLAN  NCore-PAMS,11-001-0043,AQS,5,36,32,23
2021-07-03,34,Ozone,MCMILLAN  NCore-PAMS,11-001-0043,AQS,3,34,23,17
2021-07-04,153,PM2.5,Near Road,11-001-0051,AQS,7,45,153,25
2021-07-05,119,PM2.5,Near Road,11-001-0051,AQS,9,45,119,26
2021-07-06,67,PM2.5,Near Road,11-001-0051,AQS,6,61,67,22
2021-07-07,73,PM2.5,Near Road,11-001-0051,AQS,6,58,73,21
2021-07-08,57,PM2.5,King Greenleaf Rec Center,11-001-0053,AQS,6,31,57,21
2021-07-09,40,Ozone,MCMILLAN  NCore-PAMS,11-001-0043,AQS,6,40,35,19
2021-07-10,38,Ozone,MCMILLAN  NCore-PAMS,11-001-0043,AQS,6,38,35,21
2021-07-11,52,PM2.5,Near Road,11-001-0051,AQS,7,40,52,12
2021-07-12,51,PM2.5,King Greenleaf Rec Center,11-001-0053,AQS,5,38,51,12
2021-07-13,49,PM2.5,King Greenleaf Rec Center,11-001-0053,AQS,5,39,49,13
2021-07-14,48,Ozone,MCMILLAN  NCore-PAMS,11-001-0043,AQS,3,48,40,18
2021-07-15,77,Ozone,MCMILLAN  NCore-PAMS,11-001-0043,AQS,6,77,61,18
2021-07-16,67,Ozone,MCMILLAN  NCore-PAMS,11-001-0043,AQS,6,67,54,26
2021-07-17,57,PM2.5,Near Road,11-001-0051,AQS,6,45,57,20
2021-07-18,40,Ozone,MCMILLAN  NCore-PAMS,11-001-0043,AQS,3,40,38,19
2021-07-19,71,PM2.5,Near Road,11-001-0051,AQS,6,45,71,20
2021-07-20,88,PM2.5,King Greenleaf Rec Center,11-001-0053,AQS,6,71,88,24
2021-07-21,91,PM2.5,Near Road,11-001-0051,AQS,6,67,91,25
2021-07-22,69,PM2.5,RIVER TERRACE,11-001-0041,AQS,7,38,69,31
2021-07-23,48,PM2.5,Near Road,11-001-0051,AQS,8,42,48,29
2021-07-24,53,PM2.5,MCMILLAN  NCore-PAMS,11-001-0043,AQS,8,50,53,25
2021-07-25,63,PM2.5,King Greenleaf Rec Center,11-001-0053,AQS,6,44,63,14
2021-07-26,87,Ozone,MCMILLAN  NCore-PAMS,11-001-0043,AQS,5,87,58,26
2021-07-27,101,Ozone,MCMILLAN  NCore-PAMS,11-001-0043,AQS,7,101,61,35
2021-07-28,112,Ozone,MCMILLAN  NCore-PAMS,11-001-0043,AQS,9,112,63,35
2021-07-29,69,PM2.5,Near Road,11-001-0051,AQS,6,61,69,27
2021-07-30,59,PM2.5,King Greenleaf Rec Center,11-001-0053,AQS,6,58,59,20
2021-07-31,45,Ozone,MCMILLAN  NCore-PAMS,11-001-0043,AQS,6,45,37,15
2021-08-01,62,PM2.5,King Greenleaf Rec Center,11-001-0053,AQS,6,44,62,10
2021-08-02,56,PM2.5,King Greenleaf Rec Center,11-001-0053,AQS,6,43,56,29
2021-08-03,51,PM2.5,Near Road,11-001-0051,AQS,8,44,51,29
2021-08-04,51,Ozone,MCMILLAN  NCore-PAMS,11-001-0043,AQS,7,51,47,34
2021-08-05,90,Ozone,MCMILLAN  NCore-PAMS,11-001-0043,AQS,8,90,54,32
2021-08-06,77,Ozone,MCMILLAN  NCore-PAMS,11-001-0043,AQS,6,77,54,27
2021-08-07,45,PM2.5,King Greenleaf Rec Center,11-001-0053,AQS,6,41,45,21
2021-08-08,67,Ozone,MCMILLAN  NCore-PAMS,11-001-0043,AQS,5,67,38,14
2021-08-09,55,PM2.5,King Greenleaf Rec Center,11-001-0053,AQS,5,49,55,17
2021-08-10,63,PM2.5,Near Road,11-001-0051,AQS,5,50,63,20
2021-08-11,47,PM2.5,Near Road,11-001-0051,AQS,6,44,47,24
2021-08-12,49,Ozone,MCMILLAN  NCore-PAMS,11-001-0043,AQS,5,49,47,19
2021-08-13,49,Ozone,MCMILLAN  NCore-PAMS,11-001-0043,AQS,5,49,46,20
2021-08-14,44,PM2.5,Near Road,11-001-0051,AQS,5,44,44,18
2021-08-15,47,Ozone,MCMILLAN  NCore-PAMS,11-001-0043,AQS,6,47,35,21
2021-08-16,44,PM2.5,Near Road,11-001-0051,AQS,6,31,44,27
2021-08-17,35,PM2.5,King Greenleaf Rec Center,11-001-0053,AQS,5,24,35,18
2021-08-18,32,PM2.5,Near Road,11-001-0051,AQS,5,20,32,10
2021-08-19,35,Ozone,MCMILLAN  NCore-PAMS,11-001-0043,AQS,5,35,28,17
2021-08-20,38,Ozone,MCMILLAN  NCore-PAMS,11-001-0043,AQS,6,38,27,23
2021-08-21,45,Ozone,MCMILLAN  NCore-PAMS,11-001-0043,AQS,8,45,36,24
2021-08-22,42,PM2.5,Near Road,11-001-0051,AQS,8,40,42,24
2021-08-23,56,PM2.5,Near Road,11-001-0051,AQS,6,46,56,26
2021-08-24,74,Ozone,MCMILLAN  NCore-PAMS,11-001-0043,AQS,8,74,57,35
2021-08-25,122,Ozone,Takoma Rec Center,11-001-0050,AQS,10,122,64,32
2021-08-26,67,Ozone,MCMILLAN  NCore-PAMS,11-001-0043,AQS,9,67,57,35
2021-08-27,55,PM2.5,King Greenleaf Rec Center,11-001-0053,AQS,11,45,55,24
2021-08-28,58,Ozone,MCMILLAN  NCore-PAMS,11-001-0043,AQS,6,58,54,13
2021-08-29,53,PM2.5,King Greenleaf Rec Center,11-001-0053,AQS,7,47,53,18
2021-08-30,46,PM2.5,King Greenleaf Rec Center,11-001-0053,AQS,7,44,46,22
2021-08-31,48,PM2.5,King Greenleaf Rec Center,11-001-0053,AQS,8,46,48,23
2021-09-01,40,PM2.5,King Greenleaf Rec Center,11-001-0053,AQS,8,35,40,22
2021-09-02,36,Ozone,MCMILLAN  NCore-PAMS,11-001-0043,AQS,8,36,25,29
2021-09-03,42,Ozone,MCMILLAN  NCore-PAMS,11-001-0043,AQS,9,42,26,27
2021-09-04,43,Ozone,MCMILLAN  NCore-PAMS,11-001-0043,AQS,10,43,34,22
2021-09-05,46,PM2.5,Near Road,11-001-0051,AQS,7,36,46,19
2021-09-06,45,Ozone,MCMILLAN  NCore-PAMS,11-001-0043,AQS,7,45,36,31
2021-09-07,51,Ozone,MCMILLAN  NCore-PAMS,11-001-0043,AQS,9,51,39,24
2021-09-08,51,PM2.5,King Greenleaf Rec Center,11-001-0053,AQS,7,45,51,21
2021-09-09,40,Ozone,MCMILLAN  NCore-PAMS,11-001-0043,AQS,7,40,33,17
2021-09-10,36,Ozone,MCMILLAN  NCore-PAMS,11-001-0043,AQS,8,36,30,27
2021-09-11,42,Ozone,MCMILLAN  NCore-PAMS,11-001-0043,AQS,11,42,38,22
2021-09-12,43,Ozone,Takoma Rec Center,11-001-0050,AQS,7,43,42,15
2021-09-13,59,PM2.5,King Greenleaf Rec Center,11-001-0053,AQS,8,45,59,34
2021-09-14,69,PM2.5,Near Road,11-001-0051,AQS,13,64,69,28
2021-09-15,54,PM2.5,King Greenleaf Rec Center,11-001-0053,AQS,6,49,54,24
2021-09-16,43,PM2.5,Near Road,11-001-0051,AQS,6,30,43,25
2021-09-17,37,PM2.5,King Greenleaf Rec Center,11-001-0053,AQS,6,29,37,17
2021-09-18,54,PM2.5,King Greenleaf Rec Center,11-001-0053,AQS,8,42,54,28
2021-09-19,43,PM2.5,Near Road,11-001-0051,AQS,13,42,43,26
2021-09-20,35,Ozone,MCMILLAN  NCore-PAMS,11-001-0043,AQS,7,35,33,23
2021-09-21,29,Ozone,MCMILLAN  NCore-PAMS,11-001-0043,AQS,6,29,26,18
2021-09-22,31,PM2.5,MCMILLAN  NCore-PAMS,11-001-0043,AQS,5,31,31,22
2021-09-23,36,Ozone,MCMILLAN  NCore-PAMS,11-001-0043,AQS,5,36,22,11
2021-09-24,40,Ozone,MCMILLAN  NCore-PAMS,11-001-0043,AQS,8,40,28,33
2021-09-25,43,PM2.5,Near Road,11-001-0051,AQS,13,43,43,27
2021-09-26,39,Ozone,MCMILLAN  NCore-PAMS,11-001-0043,AQS,7,39,26,27
2021-09-27,42,Ozone,Takoma Rec Center,11-001-0050,AQS,7,42,28,25
2021-09-28,54,PM2.5,MCMILLAN  NCore-PAMS,11-001-0043,AQS,6,42,54,25
2021-09-29,33,Ozone,MCMILLAN  NCore-PAMS,11-001-0043,AQS,7,33,22,30
2021-09-30,38,Ozone,MCMILLAN  NCore-PAMS,11-001-0043,AQS,8,38,26,24
2021-10-01,31,Ozone,MCMILLAN  NCore-PAMS,11-001-0043,AQS,7,31,26,31
2021-10-02,52,PM2.5,Near Road,11-001-0051,AQS,10,45,52,27
2021-10-03,58,PM2.5,Near Road,11-001-0051,AQS,10,43,58,25
2021-10-04,40,PM2.5,Near Road,11-001-0051,AQS,6,35,40,21
2021-10-05,51,PM2.5,King Greenleaf Rec Center,11-001-0053,AQS,6,30,51,18
2021-10-06,30,PM2.5,Near Road,11-001-0051,AQS,6,24,30,18
2021-10-07,34,Ozone,MCMILLAN  NCore-PAMS,11-001-0043,AQS,8,34,26,26
2021-10-08,40,PM2.5,King Greenleaf Rec Center,11-001-0053,AQS,8,39,40,31
2021-10-09,36,Ozone,MCMILLAN  NCore-PAMS,11-001-0043,AQS,8,36,33,15
2021-10-10,31,PM2.5,King Greenleaf Rec Center,11-001-0053,AQS,5,27,31,7
2021-10-11,27,PM2.5,King Greenleaf Rec Center,11-001-0053,AQS,5,25,27,14
2021-10-12,27,Ozone,MCMILLAN  NCore-PAMS,11-001-0043,AQS,6,27,25,18
2021-10-13,40,PM2.5,Near Road,11-001-0051,AQS,9,28,40,25
2021-10-14,42,PM2.5,King Greenleaf Rec Center,11-001-0053,AQS,9,41,42,36
2021-10-15,52,PM2.5,Near Road,11-001-0051,AQS,11,36,52,25
2021-10-16,38,PM2.5,King Greenleaf Rec Center,11-001-0053,AQS,6,34,38,20
2021-10-17,32,Ozone,MCMILLAN  NCore-PAMS,11-001-0043,AQS,3,32,24,8
2021-10-18,39,Ozone,MCMILLAN  NCore-PAMS,11-001-0043,AQS,7,39,22,30
2021-10-19,42,Ozone,MCMILLAN  NCore-PAMS,11-001-0043,AQS,8,42,37,35
2021-10-20,49,Ozone,MCMILLAN  NCore-PAMS,11-001-0043,AQS,9,49,35,39
2021-10-21,46,PM2.5,Near Road,11-001-0051,AQS,10,41,46,33
2021-10-22,32,Ozone,MCMILLAN  NCore-PAMS,11-001-0043,AQS,5,32,27,18
2021-10-23,27,Ozone,MCMILLAN  NCore-PAMS,11-001-0043,AQS,6,27,23,15
2021-10-24,34,Ozone,MCMILLAN  NCore-PAMS,11-001-0043,AQS,5,34,24,14
2021-10-25,41,Ozone,MCMILLAN  NCore-PAMS,11-001-0043,AQS,5,41,37,15
2021-10-26,26,Ozone,MCMILLAN  NCore-PAMS,11-001-0043,AQS,3,26,13,8
2021-10-27,29,Ozone,MCMILLAN  NCore-PAMS,11-001-0043,AQS,3,29,15,19
2021-10-28,30,Ozone,MCMILLAN  NCore-PAMS,11-001-0043,AQS,7,30,27,22
2021-10-29,31,Ozone,MCMILLAN  NCore-PAMS,11-001-0043,AQS,5,31,16,17
2021-10-30,26,PM2.5,King Greenleaf Rec Center,11-001-0053,AQS,6,23,26,17
2021-10-31,26,Ozone,MCMILLAN  NCore-PAMS,11-001-0043,AQS,6,26,18,16
2021-11-01,35,Ozone,MCMILLAN  NCore-PAMS,11-001-0043,AQS,9,35,22,29
2021-11-02,32,PM2.5,King Greenleaf Rec Center,11-001-0053,AQS,11,25,32,25
2021-11-03,30,Ozone,MCMILLAN  NCore-PAMS,11-001-0043,AQS,6,30,23,25
2021-11-04,28,PM2.5,RIVER TERRACE,11-001-0041,AQS,9,23,28,28
2021-11-05,38,PM2.5,RIVER TERRACE,11-001-0041,AQS,10,33,38,32
2021-11-06,52,PM2.5,King Greenleaf Rec Center,11-001-0053,AQS,14,32,52,30
2021-11-07,45,PM2.5,RIVER TERRACE,11-001-0041,AQS,8,37,45,33
2021-11-08,46,PM2.5,King Greenleaf Rec Center,11-001-0053,AQS,13,40,46,42
2021-11-09,52,PM2.5,Near Road,11-001-0051,AQS,15,33,52,46
2021-11-10,58,PM2.5,Near Road,11-001-0051,AQS,15,45,58,47
2021-11-11,54,PM2.5,King Greenleaf Rec Center,11-001-0053,AQS,14,44,54,31
2021-11-12,35,NO2,Takoma Rec Center,11-001-0050,AQS,11,33,28,35
2021-11-13,34,PM2.5,Near Road,11-001-0051,AQS,15,24,34,26
2021-11-14,23,PM2.5,MCMILLAN  NCore-PAMS,11-001-0043,AQS,6,21,23,22
2021-11-15,26,Ozone,MCMILLAN  NCore-PAMS,11-001-0043,AQS,5,26,13,21
2021-11-16,30,NO2,MCMILLAN  NCore-PAMS,11-001-0043,AQS,10,28,26,30
2021-11-17,61,PM2.5,Near Road,11-001-0051,AQS,13,27,61,39
2021-11-18,49,PM2.5,MCMILLAN  NCore-PAMS,11-001-0043,AQS,9,39,49,31
2021-11-19,30,NO2,Near Road,11-001-0051,AQS,3,28,18,30
2021-11-20,32,PM2.5,Near Road,11-001-0051,AQS,8,25,32,27
2021-11-21,42,PM2.5,MCMILLAN  NCore-PAMS,11-001-0043,AQS,8,23,42,22
2021-11-22,47,NO2,Near Road,11-001-0051,AQS,5,29,32,47
2021-11-23,29,Ozone,MCMILLAN  NCore-PAMS,11-001-0043,AQS,3,29,20,25
2021-11-24,42,PM2.5,Near Road,11-001-0051,AQS,9,27,42,36
2021-11-25,59,PM2.5,Near Road,11-001-0051,AQS,10,24,59,33
2021-11-26,34,PM2.5,King Greenleaf Rec Center,11-001-0053,AQS,10,28,34,29
2021-11-27,32,Ozone,MCMILLAN  NCore-PAMS,11-001-0043,AQS,7,32,20,27
2021-11-28,35,PM2.5,Near Road,11-001-0051,AQS,7,29,35,26
2021-11-29,29,Ozone,MCMILLAN  NCore-PAMS,11-001-0043,AQS,7,29,21,28
2021-11-30,51,PM2.5,Near Road,11-001-0051,AQS,15,20,51,36
2021-12-01,61,PM2.5,Near Road,11-001-0051,AQS,20,25,61,37
2021-12-02,45,PM2.5,Near Road,11-001-0051,AQS,5,32,45,30
2021-12-03,32,NO2,MCMILLAN  NCore-PAMS,11-001-0043,AQS,9,28,23,32
2021-12-04,43,PM2.5,King Greenleaf Rec Center,11-001-0053,AQS,13,27,43,34
2021-12-05,50,PM2.5,Near Road,11-001-0051,AQS,17,31,50,31
2021-12-06,47,PM2.5,Near Road,11-001-0051,AQS,6,31,47,32
2021-12-07,35,NO2,Near Road,11-001-0051,AQS,7,30,24,35
2021-12-08,38,PM2.5,Near Road,11-001-0051,AQS,8,27,38,33
2021-12-09,45,PM2.5,King Greenleaf Rec Center,11-001-0053,AQS,7,24,45,42
2021-12-10,55,PM2.5,Near Road,11-001-0051,AQS,6,20,55,27
2021-12-11,45,PM2.5,Near Road,11-001-0051,AQS,6,29,45,21
2021-12-12,33,Ozone,MCMILLAN  NCore-PAMS,11-001-0043,AQS,9,33,21,33
2021-12-13,40,PM2.5,MCMILLAN  NCore-PAMS,11-001-0043,AQS,14,13,40,36
2021-12-14,54,PM2.5,Near Road,11-001-0051,AQS,19,23,54,45
2021-12-15,52,PM2.5,Near Road,11-001-0051,AQS,10,20,52,32
2021-12-16,34,PM2.5,Near Road,11-001-0051,AQS,9,31,34,24
2021-12-17,33,Ozone,MCMILLAN  NCore-PAMS,11-001-0043,AQS,5,33,29,27
2021-12-18,40,PM2.5,Near Road,11-001-0051,AQS,7,25,40,26
2021-12-19,29,Ozone,MCMILLAN  NCore-PAMS,11-001-0043,AQS,6,29,13,10
2021-12-20,32,NO2,Takoma Rec Center,11-001-0050,AQS,8,27,24,32
2021-12-21,46,PM2.5,Near Road,11-001-0051,AQS,9,14,46,40
2021-12-22,45,PM2.5,Near Road,11-001-0051,AQS,5,30,45,25
2021-12-23,40,PM2.5,Near Road,11-001-0051,AQS,7,28,40,31
2021-12-24,37,PM2.5,MCMILLAN  NCore-PAMS,11-001-0043,AQS,7,21,37,30
2021-12-25,34,PM2.5,Near Road,11-001-0051,AQS,7,31,34,28
2021-12-26,31,Ozone,MCMILLAN  NCore-PAMS,11-001-0043,AQS,5,31,20,22
2021-12-27,38,PM2.5,Near Road,11-001-0051,AQS,6,22,38,27
2021-12-28,41,PM2.5,Near Road,11-001-0051,AQS,7,20,41,36
2021-12-29,52,PM2.5,Near Road,11-001-0051,AQS,7,14,52,26
2021-12-30,49,PM2.5,Near Road,11-001-0051,AQS,6,12,49,25
2021-12-31,33,PM2.5,Near Road,11-001-0051,AQS,6,18,33,20
2022-01-01,50,PM2.5,MCMILLAN  NCore-PAMS,11-001-0043,AirNow,6,9,50,16
2022-01-02,25,Ozone,MCMILLAN  NCore-PAMS,11-001-0043,AQS,6,25,17,21
2022-01-03,33,NO2,Near Road,11-001-0051,AQS,5,28,28,33
2022-01-04,44,PM2.5,MCMILLAN  NCore-PAMS,11-001-0043,AirNow,8,26,44,35
2022-01-05,48,PM2.5,MCMILLAN  NCore-PAMS,11-001-0043,AirNow,6,19,48,31
2022-01-06,45,PM2.5,MCMILLAN  NCore-PAMS,11-001-0043,AirNow,7,27,45,35
2022-01-07,41,PM2.5,MCMILLAN  NCore-PAMS,11-001-0043,AirNow,5,29,41,18
2022-01-08,46,PM2.5,MCMILLAN  NCore-PAMS,11-001-0043,AirNow,6,28,46,25
2022-01-09,51,PM2.5,MCMILLAN  NCore-PAMS,11-001-0043,AirNow,7,31,51,26
2022-01-10,35,Ozone,MCMILLAN  NCore-PAMS,11-001-0043,AQS,5,35,23,18
2022-01-11,31,Ozone,MCMILLAN  NCore-PAMS,11-001-0043,AQS,6,31,26,30
2022-01-12,42,PM2.5,MCMILLAN  NCore-PAMS,11-001-0043,AirNow,13,25,42,40
2022-01-13,66,PM2.5,MCMILLAN  NCore-PAMS,11-001-0043,AirNow,18,9,66,53
2022-01-14,62,PM2.5,MCMILLAN  NCore-PAMS,11-001-0043,AirNow,7,27,62,35
2022-01-15,31,Ozone,MCMILLAN  NCore-PAMS,11-001-0043,AQS,3,31,25,24
2022-01-16,39,PM2.5,MCMILLAN  NCore-PAMS,11-001-0043,AirNow,5,26,39,30
2022-01-17,34,Ozone,MCMILLAN  NCore-PAMS,11-001-0043,AQS,3,34,25,22
2022-01-18,40,PM2.5,MCMILLAN  NCore-PAMS,11-001-0043,AirNow,9,31,40,40
2022-01-19,42,PM2.5,MCMILLAN  NCore-PAMS,11-001-0043,AirNow,13,30,42,36
2022-01-20,38,PM2.5,MCMILLAN  NCore-PAMS,11-001-0043,AirNow,6,30,38,33
2022-01-21,35,NO2,RIVER TERRACE,11-001-0041,AQS,3,30,28,35
2022-01-22,40,PM2.5,MCMILLAN  NCore-PAMS,11-001-0043,AirNow,6,32,40,38
2022-01-23,52,PM2.5,MCMILLAN  NCore-PAMS,11-001-0043,AirNow,8,30,52,36
2022-01-24,57,PM2.5,MCMILLAN  NCore-PAMS,11-001-0043,AirNow,7,26,57,35
2022-01-25,49,PM2.5,MCMILLAN  NCore-PAMS,11-001-0043,AirNow,8,31,49,40
2022-01-26,42,PM2.5,MCMILLAN  NCore-PAMS,11-001-0043,AirNow,3,36,42,39
2022-01-27,63,PM2.5,MCMILLAN  NCore-PAMS,11-001-0043,AirNow,8,31,63,42
2022-01-28,68,PM2.5,MCMILLAN  NCore-PAMS,11-001-0043,AirNow,7,24,68,40
2022-01-29,37,Ozone,MCMILLAN  NCore-PAMS,11-001-0043,AQS,3,37,24,20
2022-01-30,33,Ozone,MCMILLAN  NCore-PAMS,11-001-0043,AQS,6,33,26,22
2022-01-31,56,PM2.5,MCMILLAN  NCore-PAMS,11-001-0043,AirNow,6,32,56,42
2022-02-01,62,PM2.5,MCMILLAN  NCore-PAMS,11-001-0043,AirNow,7,31,62,42
2022-02-02,65,PM2.5,MCMILLAN  NCore-PAMS,11-001-0043,AirNow,8,26,65,41
2022-02-03,45,PM2.5,MCMILLAN  NCore-PAMS,11-001-0043,AirNow,8,31,45,33
2022-02-04,28,Ozone,MCMILLAN  NCore-PAMS,11-001-0043,AQS,6,28,21,14
2022-02-05,33,Ozone,MCMILLAN  NCore-PAMS,11-001-0043,AQS,3,33,29,19
2022-02-06,35,PM2.5,MCMILLAN  NCore-PAMS,11-001-0043,AirNow,6,34,35,33
2022-02-07,57,PM2.5,MCMILLAN  NCore-PAMS,11-001-0043,AirNow,6,23,57,37
2022-02-08,54,PM2.5,MCMILLAN  NCore-PAMS,11-001-0043,AirNow,8,38,54,38
2022-02-09,52,PM2.5,MCMILLAN  NCore-PAMS,11-001-0043,AirNow,13,35,52,43
2022-02-10,42,NO2,RIVER TERRACE,11-001-0041,AQS,11,37,32,42
2022-02-11,47,NO2,RIVER TERRACE,11-001-0041,AQS,15,43,45,47
2022-02-12,40,Ozone,RIVER TERRACE,11-001-0041,AQS,3,40,38,25
2022-02-13,44,PM2.5,MCMILLAN  NCore-PAMS,11-001-0043,AirNow,3,28,44,21
2022-02-14,45,PM2.5,MCMILLAN  NCore-PAMS,11-001-0043,AirNow,3,34,45,25
2022-02-15,57,PM2.5,MCMILLAN  NCore-PAMS,11-001-0043,AirNow,6,30,57,42
2022-02-16,54,PM2.5,MCMILLAN  NCore-PAMS,11-001-0043,AirNow,6,35,54,48
2022-02-17,36,Ozone,MCMILLAN  NCore-PAMS,11-001-0043,AQS,6,36,35,18
2022-02-18,37,Ozone,MCMILLAN  NCore-PAMS,11-001-0043,AQS,3,37,19,17
2022-02-19,38,Ozone,MCMILLAN  NCore-PAMS,11-001-0043,AQS,6,38,28,36
2022-02-20,37,Ozone,MCMILLAN  NCore-PAMS,11-001-0043,AQS,5,37,25,35
2022-02-21,38,Ozone,RIVER TERRACE,11-001-0041,AQS,6,38,34,37
2022-02-22,41,NO2,RIVER TERRACE,11-001-0041,AQS,8,32,38,41
2022-02-23,35,Ozone,MCMILLAN  NCore-PAMS,11-001-0043,AQS,5,35,29,12
2022-02-24,40,PM2.5,MCMILLAN  NCore-PAMS,11-001-0043,AirNow,5,23,40,17
2022-02-25,28,Ozone,MCMILLAN  NCore-PAMS,11-001-0043,AQS,5,28,27,18
2022-02-26,53,PM2.5,MCMILLAN  NCore-PAMS,11-001-0043,AirNow,7,35,53,26
2022-02-27,44,Ozone,MCMILLAN  NCore-PAMS,11-001-0043,AQS,9,44,40,31
2022-02-28,44,Ozone,MCMILLAN  NCore-PAMS,11-001-0043,AQS,5,44,39,25
2022-03-01,47,PM2.5,MCMILLAN  NCore-PAMS,11-001-0043,AirNow,9,36,47,45
2022-03-02,50,NO2,RIVER TERRACE,11-001-0041,AQS,10,41,44,50
2022-03-03,41,Ozone,MCMILLAN  NCore-PAMS,11-001-0043,AQS,6,41,21,24
2022-03-04,36,Ozone,MCMILLAN  NCore-PAMS,11-001-0043,AQS,6,36,29,29
2022-03-05,43,Ozone,MCMILLAN  NCore-PAMS,11-001-0043,AQS,7,43,36,29
2022-03-06,60,PM2.5,MCMILLAN  NCore-PAMS,11-001-0043,AirNow,7,39,60,31
2022-03-07,36,PM2.5,MCMILLAN  NCore-PAMS,11-001-0043,AirNow,5,34,36,11
2022-03-08,40,Ozone,MCMILLAN  NCore-PAMS,11-001-0043,AQS,5,40,22,14
2022-03-09,34,Ozone,MCMILLAN  NCore-PAMS,11-001-0043,AQS,5,34,26,20
2022-03-10,51,PM2.5,MCMILLAN  NCore-PAMS,11-001-0043,AirNow,7,37,51,39
2022-03-11,51,PM2.5,MCMILLAN  NCore-PAMS,11-001-0043,AirNow,9,43,51,38
2022-03-12,41,Ozone,MCMILLAN  NCore-PAMS,11-001-0043,AQS,5,41,28,12
2022-03-13,40,NO2,MCMILLAN  NCore-PAMS,11-001-0043,AQS,8,39,25,40
2022-03-14,45,Ozone,MCMILLAN  NCore-PAMS,11-001-0043,AQS,11,45,28,39
2022-03-15,48,Ozone,MCMILLAN  NCore-PAMS,11-001-0043,AQS,9,48,39,43
2022-03-16,53,PM2.5,MCMILLAN  NCore-PAMS,11-001-0043,AirNow,14,51,53,48
2022-03-17,62,PM2.5,MCMILLAN  NCore-PAMS,11-001-0043,AirNow,7,32,62,25
2022-03-18,54,PM2.5,MCMILLAN  NCore-PAMS,11-001-0043,AirNow,11,42,54,28
2022-03-19,38,PM2.5,MCMILLAN  NCore-PAMS,11-001-0043,AirNow,5,38,38,12
2022-03-20,37,Ozone,MCMILLAN  NCore-PAMS,11-001-0043,AQS,3,37,9,4
2022-03-21,46,Ozone,MCMILLAN  NCore-PAMS,11-001-0043,AQS,8,46,25,38
2022-03-22,49,PM2.5,Near Road,11-001-0051,AQS,11,44,49,37
2022-03-23,32,PM2.5,MCMILLAN  NCore-PAMS,11-001-0043,AirNow,5,32,32,24
2022-03-24,49,PM2.5,MCMILLAN  NCore-PAMS,11-001-0043,AirNow,5,16,49,24
2022-03-25,42,Ozone,MCMILLAN  NCore-PAMS,11-001-0043,AQS,7,42,39,23
2022-03-26,38,Ozone,MCMILLAN  NCore-PAMS,11-001-0043,AQS,3,38,11,14
2022-03-27,33,Ozone,MCMILLAN  NCore-PAMS,11-001-0043,AQS,2,33,12,4
2022-03-28,38,Ozone,MCMILLAN  NCore-PAMS,11-001-0043,AQS,2,38,18,15
2022-03-29,42,NO2,MCMILLAN  NCore-PAMS,11-001-0043,AQS,7,40,27,42
2022-03-30,56,NO2,MCMILLAN  NCore-PAMS,11-001-0043,AQS,13,42,47,56
2022-03-31,45,PM2.5,MCMILLAN  NCore-PAMS,11-001-0043,AirNow,5,40,45,17
2022-04-01,37,Ozone,MCMILLAN  NCore-PAMS,11-001-0043,AQS,5,37,17,8
2022-04-02,42,Ozone,MCMILLAN  NCore-PAMS,11-001-0043,AQS,5,42,27,16
2022-04-03,41,Ozone,MCMILLAN  NCore-PAMS,11-001-0043,AQS,5,41,26,16
2022-04-04,49,PM2.5,MCMILLAN  NCore-PAMS,11-001-0043,AirNow,6,43,49,33
2022-04-05,48,PM2.5,MCMILLAN  NCore-PAMS,11-001-0043,AirNow,6,33,48,31
2022-04-06,37,Ozone,MCMILLAN  NCore-PAMS,11-001-0043,AQS,5,37,20,21
2022-04-07,35,Ozone,MCMILLAN  NCore-PAMS,11-001-0043,AQS,5,35,16,25
2022-04-08,42,Ozone,MCMILLAN  NCore-PAMS,11-001-0043,AQS,3,42,24,30
2022-04-09,34,Ozone,MCMILLAN  NCore-PAMS,11-001-0043,AQS,3,34,13,25
2022-04-10,38,Ozone,MCMILLAN  NCore-PAMS,11-001-0043,AQS,6,38,21,38
2022-04-11,40,Ozone,MCMILLAN  NCore-PAMS,11-001-0043,AQS,10,40,31,37
2022-04-12,43,Ozone,MCMILLAN  NCore-PAMS,11-001-0043,AQS,5,43,27,35
2022-04-13,52,PM2.5,MCMILLAN  NCore-PAMS,11-001-0043,AirNow,7,47,52,32
2022-04-14,41,Ozone,MCMILLAN  NCore-PAMS,11-001-0043,AQS,5,41,36,15
2022-04-15,49,Ozone,MCMILLAN  NCore-PAMS,11-001-0043,AQS,7,49,19,32
2022-04-16,49,Ozone,MCMILLAN  NCore-PAMS,11-001-0043,AQS,3,49,27,22
2022-04-17,38,Ozone,MCMILLAN  NCore-PAMS,11-001-0043,AQS,3,38,20,11
2022-04-18,26,NO2,Near Road,11-001-0051,AQS,5,25,14,26
2022-04-19,34,Ozone,MCMILLAN  NCore-PAMS,11-001-0043,AQS,3,34,19,13
2022-04-20,42,Ozone,MCMILLAN  NCore-PAMS,11-001-0043,AQS,5,42,21,30
2022-04-21,42,Ozone,MCMILLAN  NCore-PAMS,11-001-0043,AQS,7,42,33,35
2022-04-22,51,Ozone,MCMILLAN  NCore-PAMS,11-001-0043,AQS,9,51,42,35
2022-04-23,58,Ozone,MCMILLAN  NCore-PAMS,11-001-0043,AQS,6,58,43,30
2022-04-24,67,Ozone,MCMILLAN  NCore-PAMS,11-001-0043,AQS,5,67,48,17
2022-04-25,51,PM2.5,MCMILLAN  NCore-PAMS,11-001-0043,AirNow,3,41,51,18
2022-04-26,50,PM2.5,MCMILLAN  NCore-PAMS,11-001-0043,AirNow,5,34,50,16
2022-04-27,39,Ozone,MCMILLAN  NCore-PAMS,11-001-0043,AQS,3,39,30,8
2022-04-28,42,Ozone,MCMILLAN  NCore-PAMS,11-001-0043,AQS,2,42,20,9
2022-04-29,49,Ozone,MCMILLAN  NCore-PAMS,11-001-0043,AQS,7,49,31,42
2022-04-30,49,Ozone,MCMILLAN  NCore-PAMS,11-001-0043,AQS,11,49,38,36
2022-05-01,43,PM2.5,MCMILLAN  NCore-PAMS,11-001-0043,AirNow,6,41,43,22
2022-05-02,61,Ozone,MCMILLAN  NCore-PAMS,11-001-0043,AQS,6,61,50,42
2022-05-03,55,PM2.5,MCMILLAN  NCore-PAMS,11-001-0043,AirNow,6,35,55,39
2022-05-04,43,PM2.5,MCMILLAN  NCore-PAMS,11-001-0043,AirNow,6,33,43,23
2022-05-05,31,Ozone,MCMILLAN  NCore-PAMS,11-001-0043,AQS,6,31,28,19
2022-05-06,42,Ozone,MCMILLAN  NCore-PAMS,11-001-0043,AQS,6,42,28,18
2022-05-07,42,Ozone,MCMILLAN  NCore-PAMS,11-001-0043,AQS,3,42,8,14
2022-05-08,44,Ozone,MCMILLAN  NCore-PAMS,11-001-0043,AQS,8,44,26,31
2022-05-09,58,Ozone,MCMILLAN  NCore-PAMS,11-001-0043,AQS,9,58,35,42
2022-05-10,67,Ozone,MCMILLAN  NCore-PAMS,11-001-0043,AQS,9,67,28,37
2022-05-11,48,Ozone,MCMILLAN  NCore-PAMS,11-001-0043,AQS,6,48,44,39
2022-05-12,34,PM2.5,Near Road,11-001-0051,AQS,6,32,34,32
2022-05-13,28,PM2.5,Near Road,11-001-0051,AQS,6,20,28,17
2022-05-14,24,PM2.5,Near Road,11-001-0051,AQS,6,20,24,12
2022-05-15,40,Ozone,MCMILLAN  NCore-PAMS,11-001-0043,AQS,6,40,28,18
2022-05-16,44,Ozone,MCMILLAN  NCore-PAMS,11-001-0043,AQS,6,44,32,32
2022-05-17,67,Ozone,MCMILLAN  NCore-PAMS,11-001-0043,AQS,5,67,28,34
2022-05-18,44,Ozone,MCMILLAN  NCore-PAMS,11-001-0043,AQS,6,44,22,21
2022-05-19,49,Ozone,MCMILLAN  NCore-PAMS,11-001-0043,AQS,7,49,40,38
2022-05-20,71,Ozone,MCMILLAN  NCore-PAMS,11-001-0043,AQS,10,71,64,32
2022-05-21,74,Ozone,MCMILLAN  NCore-PAMS,11-001-0043,AQS,6,74,58,23
2022-05-22,48,PM2.5,King Greenleaf Rec Center,11-001-0053,AQS,6,44,48,13
2022-05-23,38,Ozone,MCMILLAN  NCore-PAMS,11-001-0043,AQS,5,38,23,10
2022-05-24,30,Ozone,MCMILLAN  NCore-PAMS,11-001-0043,AQS,5,30,23,23
2022-05-25,33,Ozone,MCMILLAN  NCore-PAMS,11-001-0043,AQS,5,33,25,18
2022-05-26,31,PM2.5,Near Road,11-001-0051,AQS,5,26,31,19
2022-05-27,35,PM2.5,Near Road,11-001-0051,AQS,5,31,35,18
2022-05-28,37,Ozone,MCMILLAN  NCore-PAMS,11-001-0043,AQS,5,37,22,13
2022-05-29,51,Ozone,MCMILLAN  NCore-PAMS,11-001-0043,AQS,7,51,36,25
2022-05-30,54,Ozone,MCMILLAN  NCore-PAMS,11-001-0043,AQS,7,54,49,17
2022-05-31,58,PM2.5,Near Road,11-001-0051,AQS,6,58,58,37
2022-06-01,57,PM2.5,MCMILLAN  NCore-PAMS,11-001-0043,AirNow,8,51,57,30
2022-06-02,57,PM2.5,Near Road,11-001-0051,AQS,6,50,57,23
2022-06-03,47,Ozone,MCMILLAN  NCore-PAMS,11-001-0043,AQS,6,47,30,38
2022-06-04,84,Ozone,MCMILLAN  NCore-PAMS,11-001-0043,AQS,10,84,56,42
2022-06-05,54,Ozone,MCMILLAN  NCore-PAMS,11-001-0043,AQS,10,54,45,37
2022-06-06,54,Ozone,MCMILLAN  NCore-PAMS,11-001-0043,AQS,6,54,48,27
2022-06-07,48,PM2.5,Near Road,11-001-0051,AQS,6,44,48,21
2022-06-08,77,Ozone,MCMILLAN  NCore-PAMS,11-001-0043,AQS,6,77,64,18
2022-06-09,51,Ozone,MCMILLAN  NCore-PAMS,11-001-0043,AQS,5,51,30,10
2022-06-10,49,Ozone,MCMILLAN  NCore-PAMS,11-001-0043,AQS,6,49,36,27
2022-06-11,45,PM2.5,Near Road,11-001-0051,AQS,6,34,45,22
2022-06-12,44,Ozone,MCMILLAN  NCore-PAMS,11-001-0043,AQS,7,44,41,22
2022-06-13,53,PM2.5,King Greenleaf Rec Center,11-001-0053,AQS,6,51,53,28
2022-06-14,57,PM2.5,Near Road,11-001-0051,AQS,7,44,57,25
2022-06-15,122,Ozone,MCMILLAN  NCore-PAMS,11-001-0043,AQS,6,122,58,27
2022-06-16,48,PM2.5,Near Road,11-001-0051,AQS,6,40,48,21
2022-06-17,71,Ozone,MCMILLAN  NCore-PAMS,11-001-0043,AQS,6,71,43,21
2022-06-18,41,Ozone,MCMILLAN  NCore-PAMS,11-001-0043,AQS,3,41,22,22
2022-06-19,41,Ozone,MCMILLAN  NCore-PAMS,11-001-0043,AQS,2,41,22,9
2022-06-20,54,Ozone,MCMILLAN  NCore-PAMS,11-001-0043,AQS,5,54,31,31
2022-06-21,74,Ozone,MCMILLAN  NCore-PAMS,11-001-0043,AQS,5,74,46,32
2022-06-22,105,Ozone,MCMILLAN  NCore-PAMS,11-001-0043,AQS,6,105,60,28
2022-06-23,42,Ozone,MCMILLAN  NCore-PAMS,11-001-0043,AQS,5,42,28,24
2022-06-24,87,Ozone,MCMILLAN  NCore-PAMS,11-001-0043,AQS,7,87,44,24
2022-06-25,54,PM2.5,Near Road,11-001-0051,AQS,6,50,54,28
2022-06-26,45,PM2.5,Near Road,11-001-0051,AQS,5,44,45,15
2022-06-27,48,PM2.5,King Greenleaf Rec Center,11-001-0053,AQS,6,42,48,13
2022-06-28,49,Ozone,MCMILLAN  NCore-PAMS,11-001-0043,AQS,5,49,28,33
2022-06-29,67,Ozone,MCMILLAN  NCore-PAMS,11-001-0043,AQS,6,67,50,30
2022-06-30,115,Ozone,MCMILLAN  NCore-PAMS,11-001-0043,AQS,6,115,60,24
2022-07-01,56,PM2.5,King Greenleaf Rec Center,11-001-0053,AQS,6,50,56,21
2022-07-02,41,Ozone,MCMILLAN  NCore-PAMS,11-001-0043,AQS,6,41,37,14
2022-07-03,57,PM2.5,Near Road,11-001-0051,AQS,5,50,57,29
2022-07-04,128,PM2.5,RIVER TERRACE,11-001-0041,AQS,8,67,128,25
2022-07-05,62,PM2.5,King Greenleaf Rec Center,11-001-0053,AQS,6,39,62,22
2022-07-06,49,Ozone,MCMILLAN  NCore-PAMS,11-001-0043,AQS,6,49,38,22
2022-07-07,61,Ozone,MCMILLAN  NCore-PAMS,11-001-0043,AQS,6,61,38,21
2022-07-08,51,Ozone,MCMILLAN  NCore-PAMS,11-001-0043,AQS,6,51,36,17
2022-07-09,40,Ozone,MCMILLAN  NCore-PAMS,11-001-0043,AQS,5,40,30,17
2022-07-10,45,Ozone,MCMILLAN  NCore-PAMS,11-001-0043,AQS,6,45,40,19
2022-07-11,84,Ozone,MCMILLAN  NCore-PAMS,11-001-0043,AQS,6,84,42,19
2022-07-12,45,Ozone,MCMILLAN  NCore-PAMS,11-001-0043,AQS,6,45,34,16
2022-07-13,74,Ozone,MCMILLAN  NCore-PAMS,11-001-0043,AQS,5,74,42,28
2022-07-14,58,Ozone,MCMILLAN  NCore-PAMS,11-001-0043,AQS,7,58,41,37
2022-07-15,84,Ozone,MCMILLAN  NCore-PAMS,11-001-0043,AQS,7,84,50,31
2022-07-16,50,Ozone,MCMILLAN  NCore-PAMS,11-001-0043,AQS,6,50,46,17
2022-07-17,46,PM2.5,Near Road,11-001-0051,AQS,6,40,46,15
2022-07-18,40,PM2.5,Near Road,11-001-0051,AQS,6,35,40,19
2022-07-19,54,Ozone,MCMILLAN  NCore-PAMS,11-001-0043,AQS,6,54,39,23
2022-07-20,77,Ozone,MCMILLAN  NCore-PAMS,11-001-0043,AQS,6,77,50,21
2022-07-21,53,PM2.5,Near Road,11-001-0051,AQS,7,49,53,29
2022-07-22,74,Ozone,MCMILLAN  NCore-PAMS,11-001-0043,AQS,7,74,55,31
2022-07-23,80,Ozone,MCMILLAN  NCore-PAMS,11-001-0043,AQS,6,80,55,21
2022-07-24,71,Ozone,MCMILLAN  NCore-PAMS,11-001-0043,AQS,7,71,48,18
2022-07-25,43,PM2.5,Near Road,11-001-0051,AQS,6,42,43,15
2022-07-26,43,PM2.5,Near Road,11-001-0051,AQS,6,33,43,25
2022-07-27,51,Ozone,MCMILLAN  NCore-PAMS,11-001-0043,AQS,7,51,45,22
2022-07-28,42,Ozone,MCMILLAN  NCore-PAMS,11-001-0043,AQS,6,42,32,27
2022-07-29,45,Ozone,MCMILLAN  NCore-PAMS,11-001-0043,AQS,7,45,43,23
2022-07-30,46,Ozone,MCMILLAN  NCore-PAMS,11-001-0043,AQS,6,46,33,25
2022-07-31,44,PM2.5,King Greenleaf Rec Center,11-001-0053,AQS,9,44,44,24
2022-08-01,42,Ozone,MCMILLAN  NCore-PAMS,11-001-0043,AQS,5,42,30,16
2022-08-02,47,Ozone,MCMILLAN  NCore-PAMS,11-001-0043,AQS,6,47,38,18
2022-08-03,77,Ozone,MCMILLAN  NCore-PAMS,11-001-0043,AQS,5,77,39,25
2022-08-04,77,Ozone,MCMILLAN  NCore-PAMS,11-001-0043,AQS,6,77,51,20
2022-08-05,67,Ozone,MCMILLAN  NCore-PAMS,11-001-0043,AQS,6,67,41,24
2022-08-06,34,Ozone,MCMILLAN  NCore-PAMS,11-001-0043,AQS,5,34,30,12
2022-08-07,29,Ozone,MCMILLAN  NCore-PAMS,11-001-0043,AQS,5,29,25,10
2022-08-08,38,PM2.5,King Greenleaf Rec Center,11-001-0053,AQS,7,38,38,20
2022-08-09,43,Ozone,MCMILLAN  NCore-PAMS,11-001-0043,AQS,7,43,34,18
2022-08-10,45,Ozone,MCMILLAN  NCore-PAMS,11-001-0043,AQS,5,45,35,20
2022-08-11,50,Ozone,MCMILLAN  NCore-PAMS,11-001-0043,AQS,5,50,29,13
2022-08-12,36,Ozone,MCMILLAN  NCore-PAMS,11-001-0043,AQS,6,36,25,30
2022-08-13,44,Ozone,MCMILLAN  NCore-PAMS,11-001-0043,AQS,8,44,22,26
2022-08-14,46,Ozone,MCMILLAN  NCore-PAMS,11-001-0043,AQS,8,46,28,22
2022-08-15,37,Ozone,MCMILLAN  NCore-PAMS,11-001-0043,AQS,5,37,33,22
2022-08-16,50,Ozone,MCMILLAN  NCore-PAMS,11-001-0043,AQS,6,50,30,25
2022-08-17,48,Ozone,MCMILLAN  NCore-PAMS,11-001-0043,AQS,6,48,38,25
2022-08-18,51,Ozone,MCMILLAN  NCore-PAMS,11-001-0043,AQS,6,51,33,36
2022-08-19,45,PM2.5,Near Road,11-001-0051,AQS,8,45,45,25
2022-08-20,45,Ozone,MCMILLAN  NCore-PAMS,11-001-0043,AQS,6,45,35,19
2022-08-21,32,Ozone,MCMILLAN  NCore-PAMS,11-001-0043,AQS,6,32,23,10
2022-08-22,37,Ozone,MCMILLAN  NCore-PAMS,11-001-0043,AQS,5,37,35,20
2022-08-23,45,Ozone,MCMILLAN  NCore-PAMS,11-001-0043,AQS,7,45,32,30
2022-08-24,50,Ozone,MCMILLAN  NCore-PAMS,11-001-0043,AQS,8,50,42,35
2022-08-25,56,PM2.5,Near Road,11-001-0051,AQS,9,47,56,29
2022-08-26,58,Ozone,MCMILLAN  NCore-PAMS,11-001-0043,AQS,8,58,54,28
2022-08-27,61,Ozone,MCMILLAN  NCore-PAMS,11-001-0043,AQS,10,61,53,30
2022-08-28,56,PM2.5,King Greenleaf Rec Center,11-001-0053,AQS,11,47,56,27
2022-08-29,45,Ozone,MCMILLAN  NCore-PAMS,11-001-0043,AQS,8,45,36,17
2022-08-30,44,Ozone,MCMILLAN  NCore-PAMS,11-001-0043,AQS,5,44,30,13
2022-08-31,41,Ozone,MCMILLAN  NCore-PAMS,11-001-0043,AQS,5,41,34,22
2022-09-01,41,Ozone,MCMILLAN  NCore-PAMS,11-001-0043,AQS,7,41,32,31
2022-09-02,47,Ozone,MCMILLAN  NCore-PAMS,11-001-0043,AQS,10,47,38,25
2022-09-03,46,Ozone,MCMILLAN  NCore-PAMS,11-001-0043,AQS,6,46,32,21
2022-09-04,45,Ozone,MCMILLAN  NCore-PAMS,11-001-0043,AQS,6,45,39,15
2022-09-05,34,PM2.5,King Greenleaf Rec Center,11-001-0053,AQS,5,33,34,18
2022-09-06,32,Ozone,MCMILLAN  NCore-PAMS,11-001-0043,AQS,5,32,24,13
2022-09-07,24,Ozone,MCMILLAN  NCore-PAMS,11-001-0043,AQS,5,24,23,16
2022-09-08,37,PM2.5,Near Road,11-001-0051,AQS,9,34,37,30
2022-09-09,51,Ozone,MCMILLAN  NCore-PAMS,11-001-0043,AQS,11,51,40,32
2022-09-10,39,PM2.5,Near Road,11-001-0051,AQS,7,31,39,20
2022-09-11,28,PM2.5,Near Road,11-001-0051,AQS,7,22,28,10
2022-09-12,30,PM2.5,Near Road,11-001-0051,AQS,6,25,30,16
2022-09-13,40,Ozone,MCMILLAN  NCore-PAMS,11-001-0043,AQS,5,40,28,17
2022-09-14,43,Ozone,MCMILLAN  NCore-PAMS,11-001-0043,AQS,7,43,30,28
2022-09-15,41,Ozone,MCMILLAN  NCore-PAMS,11-001-0043,AQS,8,41,40,27
2022-09-16,46,PM2.5,Near Road,11-001-0051,AQS,9,46,46,35
2022-09-17,54,PM2.5,King Greenleaf Rec Center,11-001-0053,AQS,13,51,54,28
2022-09-18,49,Ozone,MCMILLAN  NCore-PAMS,11-001-0043,AQS,7,49,42,26
2022-09-19,52,PM2.5,MCMILLAN  NCore-PAMS,11-001-0043,AirNow,7,44,52,26
2022-09-20,45,Ozone,MCMILLAN  NCore-PAMS,11-001-0043,AQS,6,45,44,33
2022-09-21,80,Ozone,MCMILLAN  NCore-PAMS,11-001-0043,AQS,8,80,51,28
2022-09-22,35,Ozone,MCMILLAN  NCore-PAMS,11-001-0043,AQS,5,35,34,20
2022-09-23,33,Ozone,MCMILLAN  NCore-PAMS,11-001-0043,AQS,2,33,14,9
2022-09-24,34,Ozone,MCMILLAN  NCore-PAMS,11-001-0043,AQS,7,34,24,24
2022-09-25,36,PM2.5,Near Road,11-001-0051,AQS,7,35,36,21
2022-09-26,31,Ozone,MCMILLAN  NCore-PAMS,11-001-0043,AQS,6,31,25,23
2022-09-27,33,Ozone,RIVER TERRACE,11-001-0041,AQS,2,33,20,16
2022-09-28,23,Ozone,RIVER TERRACE,11-001-0041,AQS,3,23,22,17
2022-09-29,26,Ozone,RIVER TERRACE,11-001-0041,AQS,3,26,19,18
2022-09-30,26,PM2.5,King Greenleaf Rec Center,11-001-0053,AQS,3,15,26,19
2022-10-01,20,PM2.5,Near Road,11-001-0051,AirNow,3,16,20,NA
2022-10-02,19,Ozone,RIVER TERRACE,11-001-0041,AirNow,NA,19,16,NA
2022-10-03,21,Ozone,MCMILLAN  NCore-PAMS,11-001-0043,AirNow,NA,21,13,NA
2022-10-04,26,Ozone,MCMILLAN  NCore-PAMS,11-001-0043,AirNow,NA,26,13,NA
2022-10-05,24,Ozone,MCMILLAN  NCore-PAMS,11-001-0043,AirNow,NA,24,18,NA
2022-10-06,43,Ozone,MCMILLAN  NCore-PAMS,11-001-0043,AirNow,NA,43,37,NA
2022-10-07,49,Ozone,MCMILLAN  NCore-PAMS,11-001-0043,AirNow,NA,49,40,NA
2022-10-08,23,Ozone,RIVER TERRACE,11-001-0041,AirNow,NA,23,22,NA
2022-10-09,38,PM2.5,MCMILLAN  NCore-PAMS,11-001-0043,AirNow,NA,33,38,NA
2022-10-10,43,PM2.5,RIVER TERRACE,11-001-0041,AirNow,NA,40,43,NA
2022-10-11,41,Ozone,MCMILLAN  NCore-PAMS,11-001-0043,AirNow,NA,41,40,NA
2022-10-12,44,PM2.5,MCMILLAN  NCore-PAMS,11-001-0043,AirNow,NA,40,44,NA
2022-10-13,30,PM2.5,MCMILLAN  NCore-PAMS,11-001-0043,AirNow,NA,27,30,NA
2022-10-14,35,PM2.5,MCMILLAN  NCore-PAMS,11-001-0043,AirNow,NA,32,35,NA
2022-10-15,55,PM2.5,MCMILLAN  NCore-PAMS,11-001-0043,AirNow,NA,36,55,NA
2022-10-16,52,PM2.5,RIVER TERRACE,11-001-0041,AirNow,NA,32,52,NA
2022-10-17,38,PM2.5,MCMILLAN  NCore-PAMS,11-001-0043,AirNow,NA,27,38,NA
2022-10-18,22,Ozone,MCMILLAN  NCore-PAMS,11-001-0043,AirNow,NA,22,18,NA
2022-10-19,20,Ozone,RIVER TERRACE,11-001-0041,AirNow,NA,20,15,NA
2022-10-20,27,Ozone,RIVER TERRACE,11-001-0041,AirNow,NA,27,25,NA
2022-10-21,44,PM2.5,MCMILLAN  NCore-PAMS,11-001-0043,AirNow,NA,34,44,NA
2022-10-22,60,PM2.5,Near Road,11-001-0051,AirNow,NA,41,60,NA
2022-10-23,48,PM2.5,Near Road,11-001-0051,AirNow,NA,31,48,NA
2022-10-24,33,PM2.5,MCMILLAN  NCore-PAMS,11-001-0043,AirNow,NA,19,33,NA
2022-10-25,52,PM2.5,MCMILLAN  NCore-PAMS,11-001-0043,AirNow,NA,12,52,NA
2022-10-26,31,PM2.5,MCMILLAN  NCore-PAMS,11-001-0043,AirNow,NA,21,31,NA
2022-10-27,27,Ozone,MCMILLAN  NCore-PAMS,11-001-0043,AirNow,NA,27,14,NA
2022-10-28,26,PM2.5,RIVER TERRACE,11-001-0041,AirNow,NA,18,26,NA
2022-10-29,42,PM2.5,Near Road,11-001-0051,AirNow,NA,29,42,NA
2022-10-30,55,PM2.5,RIVER TERRACE,11-001-0041,AirNow,NA,31,55,NA
2022-10-31,51,PM2.5,Near Road,11-001-0051,AirNow,NA,20,51,NA
2022-11-01,40,PM2.5,RIVER TERRACE,11-001-0041,AirNow,NA,29,40,NA
2022-11-02,51,PM2.5,MCMILLAN  NCore-PAMS,11-001-0043,AirNow,NA,33,51,NA
2022-11-03,53,PM2.5,MCMILLAN  NCore-PAMS,11-001-0043,AirNow,NA,31,53,NA
2022-11-04,49,PM2.5,King Greenleaf Rec Center,11-001-0053,AirNow,NA,21,49,NA
2022-11-05,36,PM2.5,King Greenleaf Rec Center,11-001-0053,AirNow,NA,30,36,NA
2022-11-06,39,PM2.5,King Greenleaf Rec Center,11-001-0053,AirNow,NA,24,39,NA
2022-11-07,40,Ozone,MCMILLAN  NCore-PAMS,11-001-0043,AirNow,NA,40,30,NA
2022-11-08,26,Ozone,RIVER TERRACE,11-001-0041,AirNow,NA,26,21,NA
2022-11-09,28,PM2.5,MCMILLAN  NCore-PAMS,11-001-0043,AirNow,NA,26,28,NA
2022-11-10,40,PM2.5,King Greenleaf Rec Center,11-001-0053,AirNow,NA,24,40,NA
2022-11-11,35,PM2.5,King Greenleaf Rec Center,11-001-0053,AirNow,NA,19,35,NA
2022-11-12,41,PM2.5,MCMILLAN  NCore-PAMS,11-001-0043,AirNow,NA,32,41,NA
2022-11-13,20,Ozone,RIVER TERRACE,11-001-0041,AirNow,NA,20,15,NA
2022-11-14,29,Ozone,MCMILLAN  NCore-PAMS,11-001-0043,AirNow,NA,29,25,NA
2022-11-15,45,PM2.5,MCMILLAN  NCore-PAMS,11-001-0043,AirNow,NA,9,45,NA
2022-11-16,34,PM2.5,MCMILLAN  NCore-PAMS,11-001-0043,AirNow,NA,22,34,NA
2022-11-17,38,PM2.5,MCMILLAN  NCore-PAMS,11-001-0043,AirNow,NA,23,38,NA
2022-11-18,38,PM2.5,MCMILLAN  NCore-PAMS,11-001-0043,AirNow,NA,27,38,NA
2022-11-19,42,PM2.5,MCMILLAN  NCore-PAMS,11-001-0043,AirNow,NA,26,42,NA
2022-11-20,31,PM2.5,MCMILLAN  NCore-PAMS,11-001-0043,AirNow,NA,29,31,NA
2022-11-21,37,PM2.5,RIVER TERRACE,11-001-0041,AirNow,NA,25,37,NA
2022-11-22,43,PM2.5,RIVER TERRACE,11-001-0041,AirNow,NA,24,43,NA
2022-11-23,58,PM2.5,RIVER TERRACE,11-001-0041,AirNow,NA,31,58,NA
2022-11-24,69,PM2.5,RIVER TERRACE,11-001-0041,AirNow,NA,31,69,NA
2022-11-25,39,PM2.5,King Greenleaf Rec Center,11-001-0053,AirNow,NA,29,39,NA
2022-11-26,35,PM2.5,RIVER TERRACE,11-001-0041,AirNow,NA,28,35,NA
2022-11-27,43,PM2.5,King Greenleaf Rec Center,11-001-0053,AirNow,NA,21,43,NA
2022-11-28,27,Ozone,MCMILLAN  NCore-PAMS,11-001-0043,AirNow,NA,27,18,NA
2022-11-29,35,PM2.5,RIVER TERRACE,11-001-0041,AirNow,NA,19,35,NA
2022-11-30,26,Ozone,MCMILLAN  NCore-PAMS,11-001-0043,AirNow,NA,26,20,NA
2022-12-01,23,PM2.5,RIVER TERRACE,11-001-0041,AirNow,NA,19,23,NA
2022-12-02,38,PM2.5,RIVER TERRACE,11-001-0041,AirNow,NA,19,38,NA
2022-12-03,29,PM2.5,King Greenleaf Rec Center,11-001-0053,AirNow,NA,23,29,NA
2022-12-04,36,PM2.5,RIVER TERRACE,11-001-0041,AirNow,NA,21,36,NA
2022-12-05,58,PM2.5,RIVER TERRACE,11-001-0041,AirNow,NA,19,58,NA
2022-12-06,54,PM2.5,King Greenleaf Rec Center,11-001-0053,AirNow,NA,10,54,NA
2022-12-07,46,PM2.5,MCMILLAN  NCore-PAMS,11-001-0043,AirNow,NA,7,46,NA
2022-12-08,27,PM2.5,RIVER TERRACE,11-001-0041,AirNow,NA,23,27,NA
2022-12-09,30,PM2.5,RIVER TERRACE,11-001-0041,AirNow,NA,20,30,NA
2022-12-10,44,PM2.5,RIVER TERRACE,11-001-0041,AirNow,NA,17,44,NA
2022-12-11,38,PM2.5,RIVER TERRACE,11-001-0041,AirNow,NA,16,38,NA
2022-12-12,26,PM2.5,RIVER TERRACE,11-001-0041,AirNow,NA,21,26,NA
2022-12-13,29,PM2.5,RIVER TERRACE,11-001-0041,AirNow,NA,26,29,NA
2022-12-14,46,PM2.5,RIVER TERRACE,11-001-0041,AirNow,NA,20,46,NA
2022-12-15,26,PM2.5,RIVER TERRACE,11-001-0041,AirNow,NA,19,26,NA
2022-12-16,20,Ozone,MCMILLAN  NCore-PAMS,11-001-0043,AirNow,NA,20,19,NA
2022-12-17,26,Ozone,MCMILLAN  NCore-PAMS,11-001-0043,AirNow,NA,26,23,NA
2022-12-18,23,PM2.5,RIVER TERRACE,11-001-0041,AirNow,NA,21,23,NA
2022-12-19,25,PM2.5,RIVER TERRACE,11-001-0041,AirNow,NA,20,25,NA
2022-12-20,39,PM2.5,RIVER TERRACE,11-001-0041,AirNow,NA,17,39,NA
2022-12-21,52,PM2.5,RIVER TERRACE,11-001-0041,AirNow,NA,12,52,NA
2022-12-22,39,PM2.5,RIVER TERRACE,11-001-0041,AirNow,NA,26,39,NA
2022-12-23,25,Ozone,MCMILLAN  NCore-PAMS,11-001-0043,AirNow,NA,25,13,NA
2022-12-24,22,PM2.5,RIVER TERRACE,11-001-0041,AirNow,NA,21,22,NA
2022-12-25,47,PM2.5,RIVER TERRACE,11-001-0041,AirNow,NA,25,47,NA
2022-12-26,33,PM2.5,RIVER TERRACE,11-001-0041,AirNow,NA,24,33,NA
2022-12-27,44,PM2.5,RIVER TERRACE,11-001-0041,AirNow,NA,25,44,NA
2022-12-28,59,PM2.5,RIVER TERRACE,11-001-0041,AirNow,NA,21,59,NA
2022-12-29,71,PM2.5,RIVER TERRACE,11-001-0041,AirNow,NA,19,71,NA
2022-12-30,63,PM2.5,RIVER TERRACE,11-001-0041,AirNow,NA,23,63,NA
2022-12-31,50,PM2.5,RIVER TERRACE,11-001-0041,AirNow,NA,14,50,NA
