"Date","Overall AQI Value","Main Pollutant","Site Name (of Overall AQI)","Site ID (of Overall AQI)","Source (of Overall AQI)","CO","Ozone","PM10","PM25","NO2"
"01/01/2021","41","PM2.5","King Greenleaf Rec Center","11-001-0053","AQS","3","20","13","41","20"
"01/02/2021","22","Ozone","MCMILLAN  NCore-PAMS","11-001-0043","AQS","5","22","7","19","19"
"01/03/2021","26","PM2.5","RIVER TERRACE","11-001-0041","AQS","6","16","9","26","23"
"01/04/2021","28","PM2.5","RIVER TERRACE","11-001-0041","AQS","7","15","9","28","22"
"01/05/2021","34","PM2.5","RIVER TERRACE","11-001-0041","AQS","5","14","12","34","26"
"01/06/2021","27","Ozone","MCMILLAN  NCore-PAMS","11-001-0043","AQS","3","27","9","21","19"
"01/07/2021","32","NO2","RIVER TERRACE","11-001-0041","AQS","5","31","10","21","32"
"01/08/2021","26","NO2","RIVER TERRACE","11-001-0041","AQS","5","24","11","25","26"
"01/09/2021","34","Ozone","MCMILLAN  NCore-PAMS","11-001-0043","AQS","2","34","9","16","25"
"01/10/2021","39","NO2","MCMILLAN  NCore-PAMS","11-001-0043","AQS","14","33","17","38","39"
"01/11/2021","68","PM2.5","Near Road","11-001-0051","AQS","17","12","31","68","50"
"01/12/2021","65","PM2.5","Near Road","11-001-0051","AQS","16","27","26","65","44"
"01/13/2021","70","PM2.5","Near Road","11-001-0051","AQS","19","25","31","70","61"
"01/14/2021","68","PM2.5","Near Road","11-001-0051","AQS","13","30","24","68","57"
"01/15/2021","67","PM2.5","Near Road","11-001-0051","AQS","9","24","24","67","46"
"01/16/2021","30","Ozone","MCMILLAN  NCore-PAMS","11-001-0043","AQS","5","30","9","25","29"
"01/17/2021","24","Ozone","MCMILLAN  NCore-PAMS","11-001-0043","AQS","5","24","6","17","24"
"01/18/2021","31","NO2","RIVER TERRACE","11-001-0041","AQS","6","26","6","15","31"
"01/19/2021","44","NO2","MCMILLAN  NCore-PAMS","11-001-0043","AQS","10","32","10","20","44"
"01/20/2021","51","NO2","MCMILLAN  NCore-PAMS","11-001-0043","AQS","15","28","12","27","51"
"01/21/2021","47","NO2","MCMILLAN  NCore-PAMS","11-001-0043","AQS","10","28","17","38","47"
"01/22/2021","39","NO2","RIVER TERRACE","11-001-0041","AQS","11","33","10","22","39"
"01/23/2021","33","Ozone","MCMILLAN  NCore-PAMS","11-001-0043","AQS","2","33","10","17","19"
"01/24/2021","33","Ozone","MCMILLAN  NCore-PAMS","11-001-0043","AQS","6","33","13","24","33"
"01/25/2021","43","PM2.5","RIVER TERRACE","11-001-0041","AQS","7","19","18","43","32"
"01/26/2021","43","PM2.5","RIVER TERRACE","11-001-0041","AQS","5","15","12","43","33"
"01/27/2021","45","PM2.5","Near Road","11-001-0051","AQS","5","29","11","45","22"
"01/28/2021","32","Ozone","MCMILLAN  NCore-PAMS","11-001-0043","AQS","2","32","11","21","11"
"01/29/2021","32","Ozone","MCMILLAN  NCore-PAMS","11-001-0043","AQS","2","32","9","17","16"
"01/30/2021","46","NO2","Takoma Rec Center","11-001-0050","AQS","8","35","13","23","46"
"01/31/2021","44","NO2","Takoma Rec Center","11-001-0050","AQS","9","29","11","34","44"
"02/01/2021","33","Ozone","MCMILLAN  NCore-PAMS","11-001-0043","AQS","2","33","8","25","21"
"02/02/2021","35","Ozone","MCMILLAN  NCore-PAMS","11-001-0043","AQS","2","35","6","19","15"
"02/03/2021","37","Ozone","MCMILLAN  NCore-PAMS","11-001-0043","AQS","2","37","7","19","19"
"02/04/2021","53","NO2","Takoma Rec Center","11-001-0050","AQS","5","38","16","32","53"
"02/05/2021","35","Ozone","Takoma Rec Center","11-001-0050","AQS","6","35","12","32","25"
"02/06/2021","37","NO2","Takoma Rec Center","11-001-0050","AQS","5","33","11","25","37"
"02/07/2021","34","Ozone","MCMILLAN  NCore-PAMS","11-001-0043","AQS","5","34","10","28","28"
"02/08/2021","48","PM2.5","Near Road","11-001-0051","AQS","5","31","19","48","37"
"02/09/2021","54","PM2.5","Near Road","11-001-0051","AQS","6","29","19","54","40"
"02/10/2021","68","PM2.5","Near Road","11-001-0051","AQS","8","24","23","68","44"
"02/11/2021","70","PM2.5","Near Road","11-001-0051","AQS","6","30","20","70","29"
"02/12/2021","59","PM2.5","Near Road","11-001-0051","AQS","5","30","23","59","29"
"02/13/2021","58","PM2.5","Near Road","11-001-0051","AQS","5","26","21","58","27"
"02/14/2021","70","PM2.5","Near Road","11-001-0051","AQS","6","29","19","70","34"
"02/15/2021","66","PM2.5","Near Road","11-001-0051","AQS","6","25","23","66","33"
"02/16/2021","72","NO2","MCMILLAN  NCore-PAMS","11-001-0043","AQS","7","29","6","27","72"
"02/17/2021","81","NO2","MCMILLAN  NCore-PAMS","11-001-0043","AQS","5","34","15","35","81"
"02/18/2021","53","PM2.5","Near Road","11-001-0051","AQS","5","21","17","53","23"
"02/19/2021","47","PM2.5","Near Road","11-001-0051","AQS","3","37","12","47","27"
"02/20/2021","46","PM2.5","Near Road","11-001-0051","AQS","3","43","14","46","22"
"02/21/2021","55","PM2.5","King Greenleaf Rec Center","11-001-0053","AQS","5","44","19","55","25"
"02/22/2021","38","NO2","RIVER TERRACE","11-001-0041","AQS","8","35","12","37","38"
"02/23/2021","40","NO2","RIVER TERRACE","11-001-0041","AQS","10","39","11","39","40"
"02/24/2021","53","NO2","RIVER TERRACE","11-001-0041","AQS","14","44","18","48","53"
"02/25/2021","43","Ozone","MCMILLAN  NCore-PAMS","11-001-0043","AQS","9","43","14","40","42"
"02/26/2021","45","PM2.5","Near Road","11-001-0051","AQS","14","39","15","45","42"
"02/27/2021","35","Ozone","MCMILLAN  NCore-PAMS","11-001-0043","AQS","9","35","12","32","33"
"02/28/2021","47","PM2.5","Near Road","11-001-0051","AQS","14","28","8","47","29"
"03/01/2021","55","NO2","MCMILLAN  NCore-PAMS","11-001-0043","AQS","7","36","8","28","55"
"03/02/2021","42","Ozone","MCMILLAN  NCore-PAMS","11-001-0043","AQS","6","42","10","22","35"
"03/03/2021","44","NO2","RIVER TERRACE","11-001-0041","AQS","9","41","14","40","44"
"03/04/2021","43","Ozone","MCMILLAN  NCore-PAMS","11-001-0043","AQS","13","43","12","36","43"
"03/05/2021","42","Ozone","MCMILLAN  NCore-PAMS","11-001-0043","AQS","3","42","11","18","17"
"03/06/2021","44","Ozone","MCMILLAN  NCore-PAMS","11-001-0043","AQS","3","44","10","21","30"
"03/07/2021","44","Ozone","MCMILLAN  NCore-PAMS","11-001-0043","AQS","7","44","12","36","38"
"03/08/2021","55","PM2.5","Near Road","11-001-0051","AQS","14","44","17","55","45"
"03/09/2021","58","PM2.5","Near Road","11-001-0051","AQS","14","50","33","58","48"
"03/10/2021","68","PM2.5","Near Road","11-001-0051","AQS","16","61","31","68","46"
"03/11/2021","63","PM2.5","Near Road","11-001-0051","AQS","6","61","31","63","31"
"03/12/2021","44","Ozone","MCMILLAN  NCore-PAMS","11-001-0043","AQS","6","44","19","36","42"
"03/13/2021","47","Ozone","MCMILLAN  NCore-PAMS","11-001-0043","AQS","8","47","10","20","42"
"03/14/2021","48","Ozone","MCMILLAN  NCore-PAMS","11-001-0043","AQS","9","48","15","23","34"
"03/15/2021","48","NO2","Near Road","11-001-0051","AQS","5","43","10","18","48"
"03/16/2021","36","Ozone","MCMILLAN  NCore-PAMS","11-001-0043","AQS","5","36","16","27","33"
"03/17/2021","38","PM2.5","Near Road","11-001-0051","AQS","6","28","12","38","20"
"03/18/2021","31","Ozone","MCMILLAN  NCore-PAMS","11-001-0043","AQS","5","31","6","24","25"
"03/19/2021","40","Ozone","MCMILLAN  NCore-PAMS","11-001-0043","AQS","5","40","7","19","12"
"03/20/2021","42","Ozone","MCMILLAN  NCore-PAMS","11-001-0043","AQS","8","42","14","29","40"
"03/21/2021","56","PM2.5","Near Road","11-001-0051","AQS","14","49","19","56","41"
"03/22/2021","47","PM2.5","Near Road","11-001-0051","AQS","9","47","18","47","43"
"03/23/2021","42","Ozone","MCMILLAN  NCore-PAMS","11-001-0043","AQS","9","42","19","38","38"
"03/24/2021","34","PM2.5","Near Road","11-001-0051","AQS","6","30","6","34","25"
"03/25/2021","48","PM2.5","Near Road","11-001-0051","AQS","6","26","11","48","24"
"03/26/2021","47","Ozone","MCMILLAN  NCore-PAMS","11-001-0043","AQS","6","47","11","28","11"
"03/27/2021","45","Ozone","MCMILLAN  NCore-PAMS","11-001-0043","AQS","6","45","8","21","30"
"03/28/2021","36","Ozone","MCMILLAN  NCore-PAMS","11-001-0043","AQS","5","36","6","25","10"
"03/29/2021","44","Ozone","MCMILLAN  NCore-PAMS","11-001-0043","AQS","7","44","7","18","38"
"03/30/2021","47","Ozone","MCMILLAN  NCore-PAMS","11-001-0043","AQS","9","47","14","39","44"
"03/31/2021","38","Ozone","MCMILLAN  NCore-PAMS","11-001-0043","AQS","7","38","10","32","25"
"04/01/2021","38","Ozone","MCMILLAN  NCore-PAMS","11-001-0043","AQS","6","38","8","15","17"
"04/02/2021","43","Ozone","MCMILLAN  NCore-PAMS","11-001-0043","AQS","2","43","9","17","16"
"04/03/2021","42","Ozone","MCMILLAN  NCore-PAMS","11-001-0043","AQS","7","42","8","20","30"
"04/04/2021","71","Ozone","MCMILLAN  NCore-PAMS","11-001-0043","AQS","8","71","18","38","29"
"04/05/2021","61","Ozone","MCMILLAN  NCore-PAMS","11-001-0043","AQS","10","61","22","50","48"
"04/06/2021","64","Ozone","MCMILLAN  NCore-PAMS","11-001-0043","AQS","14","64","20","52","44"
"04/07/2021","87","Ozone","MCMILLAN  NCore-PAMS","11-001-0043","AQS","8","87","29","54","39"
"04/08/2021","43","Ozone","MCMILLAN  NCore-PAMS","11-001-0043","AQS","6","43","11","22","28"
"04/09/2021","29","Ozone","MCMILLAN  NCore-PAMS","11-001-0043","AQS","5","29","10","28","22"
"04/10/2021","44","Ozone","MCMILLAN  NCore-PAMS","11-001-0043","AQS","6","44","11","40","16"
"04/11/2021","49","Ozone","MCMILLAN  NCore-PAMS","11-001-0043","AQS","6","49","9","25","24"
"04/12/2021","33","Ozone","MCMILLAN  NCore-PAMS","11-001-0043","AQS","5","33","8","26","25"
"04/13/2021","36","Ozone","MCMILLAN  NCore-PAMS","11-001-0043","AQS","6","36","9","32","30"
"04/14/2021","44","PM2.5","Near Road","11-001-0051","AQS","7","35","11","44","25"
"04/15/2021","43","Ozone","MCMILLAN  NCore-PAMS","11-001-0043","AQS","5","43","13","29","21"
"04/16/2021","39","Ozone","MCMILLAN  NCore-PAMS","11-001-0043","AQS","3","39","9","18","14"
"04/17/2021","38","Ozone","MCMILLAN  NCore-PAMS","11-001-0043","AQS","5","38","7","27","29"
"04/18/2021","42","Ozone","MCMILLAN  NCore-PAMS","11-001-0043","AQS","7","42","7","30","36"
"04/19/2021","42","Ozone","MCMILLAN  NCore-PAMS","11-001-0043","AQS","7","42","12","35","36"
"04/20/2021","49","Ozone","MCMILLAN  NCore-PAMS","11-001-0043","AQS","6","49","21","35","26"
"04/21/2021","42","Ozone","MCMILLAN  NCore-PAMS","11-001-0043","AQS","3","42","26","28","20"
"04/22/2021","43","Ozone","MCMILLAN  NCore-PAMS","11-001-0043","AQS","3","43","14","26","27"
"04/23/2021","57","NO2","Near Road","11-001-0051","AQS","7","54","21","39","57"
"04/24/2021","58","Ozone","MCMILLAN  NCore-PAMS","11-001-0043","AQS","9","58","19","48","41"
"04/25/2021","47","Ozone","MCMILLAN  NCore-PAMS","11-001-0043","AQS","5","47","12","38","24"
"04/26/2021","48","Ozone","MCMILLAN  NCore-PAMS","11-001-0043","AQS","7","48","11","25","41"
"04/27/2021","58","Ozone","MCMILLAN  NCore-PAMS","11-001-0043","AQS","9","58","20","52","37"
"04/28/2021","61","Ozone","MCMILLAN  NCore-PAMS","11-001-0043","AQS","6","61",".","57","40"
"04/29/2021","52","PM2.5","Near Road","11-001-0051","AQS","6","43","34","52","28"
"04/30/2021","44","Ozone","MCMILLAN  NCore-PAMS","11-001-0043","AQS","3","44","33","16","8"
"05/01/2021","45","Ozone","MCMILLAN  NCore-PAMS","11-001-0043","AQS","5","45","17","18","24"
"05/02/2021","58","Ozone","MCMILLAN  NCore-PAMS","11-001-0043","AQS","6","58","19","37","20"
"05/03/2021","46","PM2.5","Near Road","11-001-0051","AQS","5","41","21","46","25"
"05/04/2021","41","Ozone","MCMILLAN  NCore-PAMS","11-001-0043","AQS","6","41","21","33","22"
"05/05/2021","39","Ozone","MCMILLAN  NCore-PAMS","11-001-0043","AQS","5","39","22","33","19"
"05/06/2021","38","Ozone","MCMILLAN  NCore-PAMS","11-001-0043","AQS","7","38","13","25","33"
"05/07/2021","38","Ozone","MCMILLAN  NCore-PAMS","11-001-0043","AQS","9","38","16","33","26"
"05/08/2021","41","Ozone","MCMILLAN  NCore-PAMS","11-001-0043","AQS","5","41","15","19","25"
"05/09/2021","40","Ozone","MCMILLAN  NCore-PAMS","11-001-0043","AQS","6","40","18","28","27"
"05/10/2021","44","Ozone","MCMILLAN  NCore-PAMS","11-001-0043","AQS","3","44","15","18","22"
"05/11/2021","47","Ozone","MCMILLAN  NCore-PAMS","11-001-0043","AQS","5","47","15","28","33"
"05/12/2021","36","Ozone","MCMILLAN  NCore-PAMS","11-001-0043","AQS","6","36","14","21","36"
"05/13/2021","44","Ozone","MCMILLAN  NCore-PAMS","11-001-0043","AQS","8","44","17","33","40"
"05/14/2021","45","Ozone","MCMILLAN  NCore-PAMS","11-001-0043","AQS","8","45","19","44","41"
"05/15/2021","67","Ozone","MCMILLAN  NCore-PAMS","11-001-0043","AQS","9","67","17","40","39"
"05/16/2021","46","Ozone","MCMILLAN  NCore-PAMS","11-001-0043","AQS","6","46","18","34","23"
"05/17/2021","49","Ozone","MCMILLAN  NCore-PAMS","11-001-0043","AQS","5","49","25","45","27"
"05/18/2021","80","Ozone","MCMILLAN  NCore-PAMS","11-001-0043","AQS","7","80","22","47","36"
"05/19/2021","101","Ozone","MCMILLAN  NCore-PAMS","11-001-0043","AQS","8","101","23","52","48"
"05/20/2021","140","Ozone","MCMILLAN  NCore-PAMS","11-001-0043","AQS","9","140","26","52","44"
"05/21/2021","84","Ozone","MCMILLAN  NCore-PAMS","11-001-0043","AQS","5","84","26","41","30"
"05/22/2021","80","Ozone","MCMILLAN  NCore-PAMS","11-001-0043","AQS","6","80","27","52","31"
"05/23/2021","61","Ozone","MCMILLAN  NCore-PAMS","11-001-0043","AQS","2","61","28","52","6"
"05/24/2021","30","PM2.5","Near Road","11-001-0051","AQS","5","27","22","30","15"
"05/25/2021","43","PM2.5","Near Road","11-001-0051","AQS","5","38","27","43","25"
"05/26/2021","74","Ozone","MCMILLAN  NCore-PAMS","11-001-0043","AQS","5","74","30","58","23"
"05/27/2021","49","Ozone","MCMILLAN  NCore-PAMS","11-001-0043","AQS","6","49","18","40","39"
"05/28/2021","42","PM2.5","King Greenleaf Rec Center","11-001-0053","AQS","7","41","20","42","24"
"05/29/2021","29","Ozone","MCMILLAN  NCore-PAMS","11-001-0043","AQS","2","29","7","8","10"
"05/30/2021","24","Ozone","MCMILLAN  NCore-PAMS","11-001-0043","AQS","2","24","10","14","7"
"05/31/2021","41","Ozone","MCMILLAN  NCore-PAMS","11-001-0043","AQS","8","41","17","33","34"
"06/01/2021","41","Ozone","MCMILLAN  NCore-PAMS","11-001-0043","AQS","10","41","18","35","28"
"06/02/2021","45","PM2.5","King Greenleaf Rec Center","11-001-0053","AQS","5","45","15","45","29"
"06/03/2021","33","PM2.5","King Greenleaf Rec Center","11-001-0053","AQS","3","32","14","33","20"
"06/04/2021","46","Ozone","MCMILLAN  NCore-PAMS","11-001-0043","AQS","5","46","14","32","25"
"06/05/2021","105","Ozone","MCMILLAN  NCore-PAMS","11-001-0043","AQS","7","105","25","52","26"
"06/06/2021","77","Ozone","MCMILLAN  NCore-PAMS","11-001-0043","AQS","7","77","19","58","24"
"06/07/2021","54","PM2.5","Near Road","11-001-0051","AQS","6","37","18","54","16"
"06/08/2021","51","PM2.5","Near Road","11-001-0051","AQS","6","49","18","51","14"
"06/09/2021","59","PM2.5","Near Road","11-001-0051","AQS","6","45","17","59","19"
"06/10/2021","48","Ozone","MCMILLAN  NCore-PAMS","11-001-0043","AQS","5","48","14","42","19"
"06/11/2021","28","PM2.5","King Greenleaf Rec Center","11-001-0053","AQS","5","26","7","28","22"
"06/12/2021","44","Ozone","MCMILLAN  NCore-PAMS","11-001-0043","AQS","6","44","17","37","16"
"06/13/2021","35","Ozone","MCMILLAN  NCore-PAMS","11-001-0043","AQS","6","35","14","32","11"
"06/14/2021","54","Ozone","MCMILLAN  NCore-PAMS","11-001-0043","AQS","5","54","16","42","20"
"06/15/2021","40","Ozone","MCMILLAN  NCore-PAMS","11-001-0043","AQS","3","40","13","34","11"
"06/16/2021","48","Ozone","MCMILLAN  NCore-PAMS","11-001-0043","AQS","2","48","16","25","18"
"06/17/2021","54","Ozone","MCMILLAN  NCore-PAMS","11-001-0043","AQS","7","54","15","28","41"
"06/18/2021","77","Ozone","MCMILLAN  NCore-PAMS","11-001-0043","AQS","9","77","19","44","34"
"06/19/2021","60","PM2.5","Near Road","11-001-0051","AQS","7","47","20","60","32"
"06/20/2021","58","PM2.5","Near Road","11-001-0051","AQS","9","46","19","58","24"
"06/21/2021","45","PM2.5","King Greenleaf Rec Center","11-001-0053","AQS","3","35","16","45","17"
"06/22/2021","29","PM2.5","Near Road","11-001-0051","AQS","5","27","11","29","23"
"06/23/2021","44","Ozone","MCMILLAN  NCore-PAMS","11-001-0043","AQS","6","44","12","26","31"
"06/24/2021","48","Ozone","MCMILLAN  NCore-PAMS","11-001-0043","AQS","7","48","18","40","30"
"06/25/2021","44","Ozone","MCMILLAN  NCore-PAMS","11-001-0043","AQS","5","44","19","27","22"
"06/26/2021","35","PM2.5","King Greenleaf Rec Center","11-001-0053","AQS","3","24","10","35","10"
"06/27/2021","43","PM2.5","King Greenleaf Rec Center","11-001-0053","AQS","5","21","18","43","8"
"06/28/2021","43","PM2.5","Near Road","11-001-0051","AQS","5","34","18","43","12"
"06/29/2021","43","PM2.5","King Greenleaf Rec Center","11-001-0053","AQS","5","39","17","43","13"
"06/30/2021","45","Ozone","MCMILLAN  NCore-PAMS","11-001-0043","AQS","3","45","17","40","21"
"07/01/2021","41","Ozone","MCMILLAN  NCore-PAMS","11-001-0043","AQS","5","41","10","30","17"
"07/02/2021","36","Ozone","MCMILLAN  NCore-PAMS","11-001-0043","AQS","5","36","10","32","23"
"07/03/2021","34","Ozone","MCMILLAN  NCore-PAMS","11-001-0043","AQS","3","34","6","23","17"
"07/04/2021","153","PM2.5","Near Road","11-001-0051","AQS","7","45","44","153","25"
"07/05/2021","119","PM2.5","Near Road","11-001-0051","AQS","9","45","44","119","26"
"07/06/2021","67","PM2.5","Near Road","11-001-0051","AQS","6","61","21","67","22"
"07/07/2021","73","PM2.5","Near Road","11-001-0051","AQS","6","58","25","73","21"
"07/08/2021","57","PM2.5","King Greenleaf Rec Center","11-001-0053","AQS","6","31","16","57","21"
"07/09/2021","40","Ozone","MCMILLAN  NCore-PAMS","11-001-0043","AQS","6","40","9","35","19"
"07/10/2021","38","Ozone","MCMILLAN  NCore-PAMS","11-001-0043","AQS","6","38","8","35","21"
"07/11/2021","52","PM2.5","Near Road","11-001-0051","AQS","7","40","13","52","12"
"07/12/2021","51","PM2.5","King Greenleaf Rec Center","11-001-0053","AQS","5","38","14","51","12"
"07/13/2021","49","PM2.5","King Greenleaf Rec Center","11-001-0053","AQS","5","39","16","49","13"
"07/14/2021","48","Ozone","MCMILLAN  NCore-PAMS","11-001-0043","AQS","3","48","13","40","18"
"07/15/2021","77","Ozone","MCMILLAN  NCore-PAMS","11-001-0043","AQS","6","77","11","61","18"
"07/16/2021","67","Ozone","MCMILLAN  NCore-PAMS","11-001-0043","AQS","6","67","16","54","26"
"07/17/2021","57","PM2.5","Near Road","11-001-0051","AQS","6","45","17","57","20"
"07/18/2021","40","Ozone","MCMILLAN  NCore-PAMS","11-001-0043","AQS","3","40","8","38","19"
"07/19/2021","71","PM2.5","Near Road","11-001-0051","AQS","6","45","25","71","20"
"07/20/2021","88","PM2.5","King Greenleaf Rec Center","11-001-0053","AQS","6","71","32","88","24"
"07/21/2021","91","PM2.5","Near Road","11-001-0051","AQS","6","67","31","91","25"
"07/22/2021","69","PM2.5","RIVER TERRACE","11-001-0041","AQS","7","38","13","69","31"
"07/23/2021","48","PM2.5","Near Road","11-001-0051","AQS","8","42","14","48","29"
"07/24/2021","53","PM2.5","MCMILLAN  NCore-PAMS","11-001-0043","AQS","8","50","20","53","25"
"07/25/2021","63","PM2.5","King Greenleaf Rec Center","11-001-0053","AQS","6","44","19","63","14"
"07/26/2021","87","Ozone","MCMILLAN  NCore-PAMS","11-001-0043","AQS","5","87","16","58","26"
"07/27/2021","101","Ozone","MCMILLAN  NCore-PAMS","11-001-0043","AQS","7","101","20","61","35"
"07/28/2021","112","Ozone","MCMILLAN  NCore-PAMS","11-001-0043","AQS","9","112","22","63","35"
"07/29/2021","69","PM2.5","Near Road","11-001-0051","AQS","6","61","20","69","27"
"07/30/2021","59","PM2.5","King Greenleaf Rec Center","11-001-0053","AQS","6","58","17","59","20"
"07/31/2021","45","Ozone","MCMILLAN  NCore-PAMS","11-001-0043","AQS","6","45","15","37","15"
"08/01/2021","62","PM2.5","King Greenleaf Rec Center","11-001-0053","AQS","6","44","14","62","10"
"08/02/2021","56","PM2.5","King Greenleaf Rec Center","11-001-0053","AQS","6","43","18","56","29"
"08/03/2021","51","PM2.5","Near Road","11-001-0051","AQS","8","44","17","51","29"
"08/04/2021","51","Ozone","MCMILLAN  NCore-PAMS","11-001-0043","AQS","7","51","16","47","34"
"08/05/2021","90","Ozone","MCMILLAN  NCore-PAMS","11-001-0043","AQS","8","90","19","54","32"
"08/06/2021","77","Ozone","MCMILLAN  NCore-PAMS","11-001-0043","AQS","6","77","20","54","27"
"08/07/2021","45","PM2.5","King Greenleaf Rec Center","11-001-0053","AQS","6","41","11","45","21"
"08/08/2021","67","Ozone","MCMILLAN  NCore-PAMS","11-001-0043","AQS","5","67","9","38","14"
"08/09/2021","55","PM2.5","King Greenleaf Rec Center","11-001-0053","AQS","5","49","16","55","17"
"08/10/2021","63","PM2.5","Near Road","11-001-0051","AQS","5","50","19","63","20"
"08/11/2021","47","PM2.5","Near Road","11-001-0051","AQS","6","44","13","47","24"
"08/12/2021","49","Ozone","MCMILLAN  NCore-PAMS","11-001-0043","AQS","5","49","13","47","19"
"08/13/2021","49","Ozone","MCMILLAN  NCore-PAMS","11-001-0043","AQS","5","49","12","46","20"
"08/14/2021","44","PM2.5","Near Road","11-001-0051","AQS","5","44","9","44","18"
"08/15/2021","47","Ozone","MCMILLAN  NCore-PAMS","11-001-0043","AQS","6","47","13","35","21"
"08/16/2021","44","PM2.5","Near Road","11-001-0051","AQS","6","31","11","44","27"
"08/17/2021","35","PM2.5","King Greenleaf Rec Center","11-001-0053","AQS","5","24","10","35","18"
"08/18/2021","32","PM2.5","Near Road","11-001-0051","AQS","5","20","10","32","10"
"08/19/2021","35","Ozone","MCMILLAN  NCore-PAMS","11-001-0043","AQS","5","35","6","28","17"
"08/20/2021","38","Ozone","MCMILLAN  NCore-PAMS","11-001-0043","AQS","6","38","5","27","23"
"08/21/2021","45","Ozone","MCMILLAN  NCore-PAMS","11-001-0043","AQS","8","45","8","36","24"
"08/22/2021","42","PM2.5","Near Road","11-001-0051","AQS","8","40","10","42","24"
"08/23/2021","56","PM2.5","Near Road","11-001-0051","AQS","6","46","16","56","26"
"08/24/2021","74","Ozone","MCMILLAN  NCore-PAMS","11-001-0043","AQS","8","74","18","57","35"
"08/25/2021","122","Ozone","Takoma Rec Center","11-001-0050","AQS","10","122","23","64","32"
"08/26/2021","67","Ozone","MCMILLAN  NCore-PAMS","11-001-0043","AQS","9","67","20","57","35"
"08/27/2021","55","PM2.5","King Greenleaf Rec Center","11-001-0053","AQS","11","45","19","55","24"
"08/28/2021","58","Ozone","MCMILLAN  NCore-PAMS","11-001-0043","AQS","6","58","15","54","13"
"08/29/2021","53","PM2.5","King Greenleaf Rec Center","11-001-0053","AQS","7","47","14","53","18"
"08/30/2021","46","PM2.5","King Greenleaf Rec Center","11-001-0053","AQS","7","44","13","46","22"
"08/31/2021","48","PM2.5","King Greenleaf Rec Center","11-001-0053","AQS","8","46","15","48","23"
"09/01/2021","40","PM2.5","King Greenleaf Rec Center","11-001-0053","AQS","8","35","9","40","22"
"09/02/2021","36","Ozone","MCMILLAN  NCore-PAMS","11-001-0043","AQS","8","36","10","25","29"
"09/03/2021","42","Ozone","MCMILLAN  NCore-PAMS","11-001-0043","AQS","9","42","13","26","27"
"09/04/2021","43","Ozone","MCMILLAN  NCore-PAMS","11-001-0043","AQS","10","43","14","34","22"
"09/05/2021","46","PM2.5","Near Road","11-001-0051","AQS","7","36","10","46","19"
"09/06/2021","45","Ozone","MCMILLAN  NCore-PAMS","11-001-0043","AQS","7","45","11","36","31"
"09/07/2021","51","Ozone","MCMILLAN  NCore-PAMS","11-001-0043","AQS","9","51","16","39","24"
"09/08/2021","51","PM2.5","King Greenleaf Rec Center","11-001-0053","AQS","7","45","15","51","21"
"09/09/2021","40","Ozone","MCMILLAN  NCore-PAMS","11-001-0043","AQS","7","40","9","33","17"
"09/10/2021","36","Ozone","MCMILLAN  NCore-PAMS","11-001-0043","AQS","8","36",".","30","27"
"09/11/2021","42","Ozone","MCMILLAN  NCore-PAMS","11-001-0043","AQS","11","42",".","38","22"
"09/12/2021","43","Ozone","Takoma Rec Center","11-001-0050","AQS","7","43",".","42","15"
"09/13/2021","59","PM2.5","King Greenleaf Rec Center","11-001-0053","AQS","8","45",".","59","34"
"09/14/2021","69","PM2.5","Near Road","11-001-0051","AQS","13","64",".","69","28"
"09/15/2021","54","PM2.5","King Greenleaf Rec Center","11-001-0053","AQS","6","49",".","54","24"
"09/16/2021","43","PM2.5","Near Road","11-001-0051","AQS","6","30",".","43","25"
"09/17/2021","37","PM2.5","King Greenleaf Rec Center","11-001-0053","AQS","6","29",".","37","17"
"09/18/2021","54","PM2.5","King Greenleaf Rec Center","11-001-0053","AQS","8","42","11","54","28"
"09/19/2021","43","PM2.5","Near Road","11-001-0051","AQS","13","42","14","43","26"
"09/20/2021","35","Ozone","MCMILLAN  NCore-PAMS","11-001-0043","AQS","7","35","13","33","23"
"09/21/2021","29","Ozone","MCMILLAN  NCore-PAMS","11-001-0043","AQS","6","29","13","26","18"
"09/22/2021","31","PM2.5","MCMILLAN  NCore-PAMS","11-001-0043","AQS","5","31","8","31","22"
"09/23/2021","36","Ozone","MCMILLAN  NCore-PAMS","11-001-0043","AQS","5","36","6","22","11"
"09/24/2021","40","Ozone","MCMILLAN  NCore-PAMS","11-001-0043","AQS","8","40","11","28","33"
"09/25/2021","43","PM2.5","Near Road","11-001-0051","AQS","13","43","14","43","27"
"09/26/2021","39","Ozone","MCMILLAN  NCore-PAMS","11-001-0043","AQS","7","39","10","26","27"
"09/27/2021","42","Ozone","Takoma Rec Center","11-001-0050","AQS","7","42","16","28","25"
"09/28/2021","54","PM2.5","MCMILLAN  NCore-PAMS","11-001-0043","AQS","6","42","17","54","25"
"09/29/2021","33","Ozone","MCMILLAN  NCore-PAMS","11-001-0043","AQS","7","33","9","22","30"
"09/30/2021","38","Ozone","MCMILLAN  NCore-PAMS","11-001-0043","AQS","8","38","12","26","24"
"10/01/2021","31","Ozone","MCMILLAN  NCore-PAMS","11-001-0043","AQS","7","31","12","26","31"
"10/02/2021","52","PM2.5","Near Road","11-001-0051","AQS","10","45","19","52","27"
"10/03/2021","58","PM2.5","Near Road","11-001-0051","AQS","10","43","18","58","25"
"10/04/2021","40","PM2.5","Near Road","11-001-0051","AQS","6","35","10","40","21"
"10/05/2021","51","PM2.5","King Greenleaf Rec Center","11-001-0053","AQS","6","30","14","51","18"
"10/06/2021","30","PM2.5","Near Road","11-001-0051","AQS","6","24","9","30","18"
"10/07/2021","34","Ozone","MCMILLAN  NCore-PAMS","11-001-0043","AQS","8","34","11","26","26"
"10/08/2021","40","PM2.5","King Greenleaf Rec Center","11-001-0053","AQS","8","39","14","40","31"
"10/09/2021","36","Ozone","MCMILLAN  NCore-PAMS","11-001-0043","AQS","8","36","14","33","15"
"10/10/2021","31","PM2.5","King Greenleaf Rec Center","11-001-0053","AQS","5","27","12","31","7"
"10/11/2021","27","PM2.5","King Greenleaf Rec Center","11-001-0053","AQS","5","25","9","27","14"
"10/12/2021","27","Ozone","MCMILLAN  NCore-PAMS","11-001-0043","AQS","6","27","7","25","18"
"10/13/2021","40","PM2.5","Near Road","11-001-0051","AQS","9","28","9","40","25"
"10/14/2021","42","PM2.5","King Greenleaf Rec Center","11-001-0053","AQS","9","41","15","42","36"
"10/15/2021","52","PM2.5","Near Road","11-001-0051","AQS","11","36","19","52","25"
"10/16/2021","38","PM2.5","King Greenleaf Rec Center","11-001-0053","AQS","6","34","10","38","20"
"10/17/2021","32","Ozone","MCMILLAN  NCore-PAMS","11-001-0043","AQS","3","32","9","24","8"
"10/18/2021","39","Ozone","MCMILLAN  NCore-PAMS","11-001-0043","AQS","7","39","9","22","30"
"10/19/2021","42","Ozone","MCMILLAN  NCore-PAMS","11-001-0043","AQS","8","42","15","37","35"
"10/20/2021","49","Ozone","MCMILLAN  NCore-PAMS","11-001-0043","AQS","9","49","19","35","39"
"10/21/2021","46","PM2.5","Near Road","11-001-0051","AQS","10","41","20","46","33"
"10/22/2021","32","Ozone","MCMILLAN  NCore-PAMS","11-001-0043","AQS","5","32","9","27","18"
"10/23/2021","27","Ozone","MCMILLAN  NCore-PAMS","11-001-0043","AQS","6","27","8","23","15"
"10/24/2021","34","Ozone","MCMILLAN  NCore-PAMS","11-001-0043","AQS","5","34","8","24","14"
"10/25/2021","41","Ozone","MCMILLAN  NCore-PAMS","11-001-0043","AQS","5","41","13","37","15"
"10/26/2021","26","Ozone","MCMILLAN  NCore-PAMS","11-001-0043","AQS","3","26","3","13","8"
"10/27/2021","29","Ozone","MCMILLAN  NCore-PAMS","11-001-0043","AQS","3","29","6","15","19"
"10/28/2021","30","Ozone","MCMILLAN  NCore-PAMS","11-001-0043","AQS","7","30","12","27","22"
"10/29/2021","31","Ozone","MCMILLAN  NCore-PAMS","11-001-0043","AQS","5","31","2","16","17"
"10/30/2021","26","PM2.5","King Greenleaf Rec Center","11-001-0053","AQS","6","23","8","26","17"
"10/31/2021","26","Ozone","MCMILLAN  NCore-PAMS","11-001-0043","AQS","6","26","4","18","16"
"11/01/2021","35","Ozone","MCMILLAN  NCore-PAMS","11-001-0043","AQS","9","35","8","22","29"
"11/02/2021","32","PM2.5","King Greenleaf Rec Center","11-001-0053","AQS","11","25","8","32","25"
"11/03/2021","30","Ozone","MCMILLAN  NCore-PAMS","11-001-0043","AQS","6","30","7","23","25"
"11/04/2021","28","PM2.5","RIVER TERRACE","11-001-0041","AQS","9","23","10","28","28"
"11/05/2021","38","PM2.5","RIVER TERRACE","11-001-0041","AQS","10","33","12","38","32"
"11/06/2021","52","PM2.5","King Greenleaf Rec Center","11-001-0053","AQS","14","32","13","52","30"
"11/07/2021","45","PM2.5","RIVER TERRACE","11-001-0041","AQS","8","37","14","45","33"
"11/08/2021","46","PM2.5","King Greenleaf Rec Center","11-001-0053","AQS","13","40","20","46","42"
"11/09/2021","52","PM2.5","Near Road","11-001-0051","AQS","15","33","20","52","46"
"11/10/2021","58","PM2.5","Near Road","11-001-0051","AQS","15","45","22","58","47"
"11/11/2021","54","PM2.5","King Greenleaf Rec Center","11-001-0053","AQS","14","44","19","54","31"
"11/12/2021","35","NO2","Takoma Rec Center","11-001-0050","AQS","11","33","9","28","35"
"11/13/2021","34","PM2.5","Near Road","11-001-0051","AQS","15","24","8","34","26"
"11/14/2021","23","PM2.5","MCMILLAN  NCore-PAMS","11-001-0043","AQS","6","21","6","23","22"
"11/15/2021","26","Ozone","MCMILLAN  NCore-PAMS","11-001-0043","AQS","5","26","6","13","21"
"11/16/2021","30","NO2","MCMILLAN  NCore-PAMS","11-001-0043","AQS","10","28","11","26","30"
"11/17/2021","61","PM2.5","Near Road","11-001-0051","AQS","13","27","24","61","39"
"11/18/2021","49","PM2.5","MCMILLAN  NCore-PAMS","11-001-0043","AQS","9","39","20","49","31"
"11/19/2021","30","NO2","Near Road","11-001-0051","AQS","3","28","6","18","30"
"11/20/2021","32","PM2.5","Near Road","11-001-0051","AQS","8","25","9","32","27"
"11/21/2021","42","PM2.5","MCMILLAN  NCore-PAMS","11-001-0043","AQS","8","23","15","42","22"
"11/22/2021","47","NO2","Near Road","11-001-0051","AQS","5","29","10","32","47"
"11/23/2021","29","Ozone","MCMILLAN  NCore-PAMS","11-001-0043","AQS","3","29","6","20","25"
"11/24/2021","42","PM2.5","Near Road","11-001-0051","AQS","9","27","14","42","36"
"11/25/2021","59","PM2.5","Near Road","11-001-0051","AQS","10","24","19","59","33"
"11/26/2021","34","PM2.5","King Greenleaf Rec Center","11-001-0053","AQS","10","28","7","34","29"
"11/27/2021","32","Ozone","MCMILLAN  NCore-PAMS","11-001-0043","AQS","7","32","6","20","27"
"11/28/2021","35","PM2.5","Near Road","11-001-0051","AQS","7","29","11","35","26"
"11/29/2021","29","Ozone","MCMILLAN  NCore-PAMS","11-001-0043","AQS","7","29","6","21","28"
"11/30/2021","51","PM2.5","Near Road","11-001-0051","AQS","15","20","19","51","36"
"12/01/2021","61","PM2.5","Near Road","11-001-0051","AQS","20","25","24","61","37"
"12/02/2021","45","PM2.5","Near Road","11-001-0051","AQS","5","32","20","45","30"
"12/03/2021","32","NO2","MCMILLAN  NCore-PAMS","11-001-0043","AQS","9","28","9","23","32"
"12/04/2021","43","PM2.5","King Greenleaf Rec Center","11-001-0053","AQS","13","27","19","43","34"
"12/05/2021","50","PM2.5","Near Road","11-001-0051","AQS","17","31","12","50","31"
"12/06/2021","47","PM2.5","Near Road","11-001-0051","AQS","6","31","19","47","32"
"12/07/2021","35","NO2","Near Road","11-001-0051","AQS","7","30","10","24","35"
"12/08/2021","38","PM2.5","Near Road","11-001-0051","AQS","8","27","17","38","33"
"12/09/2021","45","PM2.5","King Greenleaf Rec Center","11-001-0053","AQS","7","24","19","45","42"
"12/10/2021","55","PM2.5","Near Road","11-001-0051","AQS","6","20","23","55","27"
"12/11/2021","45","PM2.5","Near Road","11-001-0051","AQS","6","29","12","45","21"
"12/12/2021","33","Ozone","MCMILLAN  NCore-PAMS","11-001-0043","AQS","9","33","5","21","33"
"12/13/2021","40","PM2.5","MCMILLAN  NCore-PAMS","11-001-0043","AQS","14","13","15","40","36"
"12/14/2021","54","PM2.5","Near Road","11-001-0051","AQS","19","23","18","54","45"
"12/15/2021","52","PM2.5","Near Road","11-001-0051","AQS","10","20","23","52","32"
"12/16/2021","34","PM2.5","Near Road","11-001-0051","AQS","9","31","16","34","24"
"12/17/2021","33","Ozone","MCMILLAN  NCore-PAMS","11-001-0043","AQS","5","33","16","29","27"
"12/18/2021","40","PM2.5","Near Road","11-001-0051","AQS","7","25","17","40","26"
"12/19/2021","29","Ozone","MCMILLAN  NCore-PAMS","11-001-0043","AQS","6","29","4","13","10"
"12/20/2021","32","NO2","Takoma Rec Center","11-001-0050","AQS","8","27","9","24","32"
"12/21/2021","46","PM2.5","Near Road","11-001-0051","AQS","9","14","17","46","40"
"12/22/2021","45","PM2.5","Near Road","11-001-0051","AQS","5","30","14","45","25"
"12/23/2021","40","PM2.5","Near Road","11-001-0051","AQS","7","28","12","40","31"
"12/24/2021","37","PM2.5","MCMILLAN  NCore-PAMS","11-001-0043","AQS","7","21","15","37","30"
"12/25/2021","34","PM2.5","Near Road","11-001-0051","AQS","7","31","9","34","28"
"12/26/2021","31","Ozone","MCMILLAN  NCore-PAMS","11-001-0043","AQS","5","31","4","20","22"
"12/27/2021","38","PM2.5","Near Road","11-001-0051","AQS","6","22","10","38","27"
"12/28/2021","41","PM2.5","Near Road","11-001-0051","AQS","7","20","14","41","36"
"12/29/2021","52","PM2.5","Near Road","11-001-0051","AQS","7","14","19","52","26"
"12/30/2021","49","PM2.5","Near Road","11-001-0051","AQS","6","12","12","49","25"
"12/31/2021","33","PM2.5","Near Road","11-001-0051","AQS","6","18","7","33","20"
